Workbook
Name Slicer_dimension_L1: #N/A
Name Slicer_metric: #N/A
Name Slicer_system: #N/A

Sheet README
A1: JOPACC Payment Systems Quarterly Report - Consolidated Dataset
A3: Source: Jordan Payments & Clearing Company (JOPACC) "Payment Systems Quarterly Report" PDFs for Q3 2024, Q4 2024, Q1 2025, Q2 2025, Q3 2025, Q4 2025, Q1 2026 and Q2 2026.
A5: Sheets in this workbook:
A6: • CliQ - instant/person-to-person payments (users + transactions)
A7: • JoMoPay - mobile wallet payments (users + transactions)
A8: • eFAWATEERcom - bill payment platform (users + transactions + billers)
A9: • ACH - Automated Clearing House (JOD + foreign-currency transactions)
A10: • ECCU - Electronic Cheque Clearing Unit (cheques + returned cheques)
A11: • CliQ_JoMoPay_Interop - cross-system money-transfer interoperability
A13: Layout:
A14: Each sheet lists one metric per row (grouped under shaded section headers) with the eight quarters running left-to-right in columns C:J. Counts and JOD values are stored as raw numbers (not text with "M"/"B" suffixes) so they can be charted, filtered, or fed into further formulas directly.
A15: Percentage rows are stored as true Excel percentages (e.g. 96.3%), and light-grey "Check" rows use live formulas (e.g. Money Transfer + Purchases) to verify that the component figures reconcile with the reported totals.
... A26: • A few cells now differ slightly from the original static workbook: those were manual transcription slips in the old file, corrected automatically now that formulas read straight from Data.

Sheet Data
A1: report_period | B1: system | C1: page | D1: content_type | E1: extracted_from | F1: metric | G1: system_title | H1: dimension_L1 | I1: dimension_L2 | J1: event_period | K1: period_scope | L1: value | M1: unit | N1: raw_text | O1: chart_labeled | P1: reading_rank | Q1: note
A2: 2024-Q3 | B2: cliq | C2: 2 | D2: category | E2: category_chart | F2: Number of Users | G2: Users | H2: 18-30 | J2: 2024-Q3 | K2: native | L2: 591000 | M2: count | N2: 591.0 K
A3: 2024-Q3 | B3: cliq | C3: 2 | D3: category | E3: category_chart | F3: Number of Users | G3: Users | H3: 31-40 | J3: 2024-Q3 | K3: native | L3: 409200 | M3: count | N3: 409.2 K
A4: 2024-Q3 | B4: cliq | C4: 2 | D4: category | E4: category_chart | F4: Number of Users | G4: Users | H4: 41-50 | J4: 2024-Q3 | K4: native | L4: 267100 | M4: count | N4: 267.1 K
A5: 2024-Q3 | B5: cliq | C5: 2 | D5: category | E5: category_chart | F5: Number of Users | G5: Users | H5: 51-60 | J5: 2024-Q3 | K5: native | L5: 162500 | M5: count | N5: 162.5 K
A6: 2024-Q3 | B6: cliq | C6: 2 | D6: category | E6: category_chart | F6: Number of Users | G6: Users | H6: 61-70 | J6: 2024-Q3 | K6: native | L6: 71100 | M6: count | N6: 71.1 K
A7: 2024-Q3 | B7: cliq | C7: 2 | D7: category | E7: category_chart | F7: Number of Users | G7: Users | H7: 71-80 | J7: 2024-Q3 | K7: native | L7: 18100 | M7: count | N7: 18.1 K
A8: 2024-Q3 | B8: cliq | C8: 2 | D8: category | E8: category_chart | F8: Number of Users | G8: Users | H8: 81-90 | J8: 2024-Q3 | K8: native | L8: 3700 | M8: count | N8: 3.7 K
A9: 2024-Q3 | B9: cliq | C9: 2 | D9: category | E9: category_chart | F9: Number of Users | G9: Users | H9: <18 | J9: 2024-Q3 | K9: native | L9: 5800 | M9: count | N9: 5.8 K
A10: 2024-Q3 | B10: cliq | C10: 2 | D10: category | E10: category_chart | F10: Number of Users | G10: Users | H10: Female | J10: 2024-Q3 | K10: native | L10: 541300 | M10: count | N10: 541.3 K
A11: 2024-Q3 | B11: cliq | C11: 2 | D11: category | E11: category_chart | F11: Number of Users | G11: Users | H11: Individual | J11: 2024-Q3 | K11: native | L11: 1530000 | M11: count | N11: 1.53 M
A12: 2024-Q3 | B12: cliq | C12: 2 | D12: category | E12: category_chart | F12: Number of Users | G12: Users | H12: Jordanian | J12: 2024-Q3 | K12: native | L12: 1500000 | M12: count | N12: 1.50 M
A13: 2024-Q3 | B13: cliq | C13: 2 | D13: category | E13: category_chart | F13: Number of Users | G13: Users | H13: Legal (entities) | J13: 2024-Q3 | K13: native | L13: 26500 | M13: count | N13: 26.5 K
... A15: 2024-Q3 | B15: cliq | C15: 2 | D15: category | E15: category_chart | F15: Number of Users | G15: Users | H15: Non-Jordanian | J15: 2024-Q3 | K15: native | L15: 55000 | M15: count | N15: 55.0 K
A16: 2024-Q3 | B16: cliq | C16: 2 | D16: chart_point | E16: trend_chart | F16: Number of Users | G16: Users | J16: 2024-Q1 | K16: trailing_chart_point | L16: 1330000 | M16: count | N16: 1.33 M | O16: TRUE | P16: newest | Q16: no native/stat_box reading of 2024-Q1 exists anywhere in this corpus (its own quarterly PDF wasn't part of this extraction) - marked newest as the earliest available trailing_chart_point reading of it, per §8 rule 4's fallback
A17: 2024-Q3 | B17: cliq | C17: 2 | D17: chart_point | E17: trend_chart | F17: Number of Users | G17: Users | J17: 2024-Q2 | K17: trailing_chart_point | L17: 1430000 | M17: count | N17: 1.43 M | O17: TRUE | P17: newest | Q17: no native/stat_box reading of 2024-Q2 exists anywhere in this corpus (its own quarterly PDF wasn't part of this extraction) - marked newest as the earliest available trailing_chart_point reading of it, per §8 rule 4's fallback
A18: 2024-Q3 | B18: cliq | C18: 2 | D18: kpi | E18: stat_box | F18: Number of Users | G18: Users | J18: 2024-Q3 | K18: native | L18: 1560000 | M18: count | N18: 1.56 M
A19: 2024-Q4 | B19: cliq | C19: 2 | D19: category | E19: category_chart | F19: Number of Users | G19: Users | H19: 18-30 | J19: 2024-Q4 | K19: native | L19: 626000 | M19: count | N19: 626.0 K
A20: 2024-Q4 | B20: cliq | C20: 2 | D20: category | E20: category_chart | F20: Number of Users | G20: Users | H20: 31-40 | J20: 2024-Q4 | K20: native | L20: 437900 | M20: count | N20: 437.9 K
A21: 2024-Q4 | B21: cliq | C21: 2 | D21: category | E21: category_chart | F21: Number of Users | G21: Users | H21: 41-50 | J21: 2024-Q4 | K21: native | L21: 289300 | M21: count | N21: 289.3 K
A22: 2024-Q4 | B22: cliq | C22: 2 | D22: category | E22: category_chart | F22: Number of Users | G22: Users | H22: 51-60 | J22: 2024-Q4 | K22: native | L22: 176600 | M22: count | N22: 176.6 K
A23: 2024-Q4 | B23: cliq | C23: 2 | D23: category | E23: category_chart | F23: Number of Users | G23: Users | H23: 61-70 | J23: 2024-Q4 | K23: native | L23: 78100 | M23: count | N23: 78.1 K
A24: 2024-Q4 | B24: cliq | C24: 2 | D24: category | E24: category_chart | F24: Number of Users | G24: Users | H24: 71-80 | J24: 2024-Q4 | K24: native | L24: 20100 | M24: count | N24: 20.1 K
A25: 2024-Q4 | B25: cliq | C25: 2 | D25: category | E25: category_chart | F25: Number of Users | G25: Users | H25: 81-90 | J25: 2024-Q4 | K25: native | L25: 4000 | M25: count | N25: 4.0 K
A26: 2024-Q4 | B26: cliq | C26: 2 | D26: category | E26: category_chart | F26: Number of Users | G26: Users | H26: <18 | J26: 2024-Q4 | K26: native | L26: 6200 | M26: count | N26: 6.2 K
A27: 2024-Q4 | B27: cliq | C27: 2 | D27: category | E27: category_chart | F27: Number of Users | G27: Users | H27: Female | J27: 2024-Q4 | K27: native | L27: 583100 | M27: count | N27: 583.1 K
A28: 2024-Q4 | B28: cliq | C28: 2 | D28: category | E28: category_chart | F28: Number of Users | G28: Users | H28: Individual | J28: 2024-Q4 | K28: native | L28: 1640000 | M28: count | N28: 1.64 M
A29: 2024-Q4 | B29: cliq | C29: 2 | D29: category | E29: category_chart | F29: Number of Users | G29: Users | H29: Jordanian | J29: 2024-Q4 | K29: native | L29: 1610000 | M29: count | N29: 1.61 M
A30: 2024-Q4 | B30: cliq | C30: 2 | D30: category | E30: category_chart | F30: Number of Users | G30: Users | H30: Legal (entities) | J30: 2024-Q4 | K30: native | L30: 30400 | M30: count | N30: 30.4 K
... A32: 2024-Q4 | B32: cliq | C32: 2 | D32: category | E32: category_chart | F32: Number of Users | G32: Users | H32: Non-Jordanian | J32: 2024-Q4 | K32: native | L32: 61000 | M32: count | N32: 61.0 K
A33: 2024-Q4 | B33: cliq | C33: 2 | D33: chart_point | E33: trend_chart | F33: Number of Users | G33: Users | J33: 2024-Q1 | K33: trailing_chart_point | L33: 1330000 | M33: count | N33: 1.33 M | O33: TRUE | P33: restated | Q33: see the 2024-Q3 report's reading of 2024-Q1, marked newest
A34: 2024-Q4 | B34: cliq | C34: 2 | D34: chart_point | E34: trend_chart | F34: Number of Users | G34: Users | J34: 2024-Q2 | K34: trailing_chart_point | L34: 1430000 | M34: count | N34: 1.43 M | O34: TRUE | P34: restated | Q34: see the 2024-Q3 report's reading of 2024-Q2, marked newest
A35: 2024-Q4 | B35: cliq | C35: 2 | D35: chart_point | E35: trend_chart | F35: Number of Users | G35: Users | J35: 2024-Q3 | K35: trailing_chart_point | L35: 1560000 | M35: count | N35: 1.56 M | O35: TRUE | P35: restated
A36: 2024-Q4 | B36: cliq | C36: 2 | D36: kpi | E36: stat_box | F36: Number of Users | G36: Users | J36: 2024-Q4 | K36: native | L36: 1670000 | M36: count | N36: 1.67 M
A37: 2025-Q1 | B37: cliq | C37: 2 | D37: category | E37: category_chart | F37: Number of Users | G37: Users | H37: 18-30 | J37: 2025-Q1 | K37: native | L37: 657000 | M37: count | N37: 657.0 K
A38: 2025-Q1 | B38: cliq | C38: 2 | D38: category | E38: category_chart | F38: Number of Users | G38: Users | H38: 31-40 | J38: 2025-Q1 | K38: native | L38: 465900 | M38: count | N38: 465.9 K
A39: 2025-Q1 | B39: cliq | C39: 2 | D39: category | E39: category_chart | F39: Number of Users | G39: Users | H39: 41-50 | J39: 2025-Q1 | K39: native | L39: 311700 | M39: count | N39: 311.7 K
A40: 2025-Q1 | B40: cliq | C40: 2 | D40: category | E40: category_chart | F40: Number of Users | G40: Users | H40: 51-60 | J40: 2025-Q1 | K40: native | L40: 190700 | M40: count | N40: 190.7 K
A41: 2025-Q1 | B41: cliq | C41: 2 | D41: category | E41: category_chart | F41: Number of Users | G41: Users | H41: 61-70 | J41: 2025-Q1 | K41: native | L41: 85500 | M41: count | N41: 85.5 K
A42: 2025-Q1 | B42: cliq | C42: 2 | D42: category | E42: category_chart | F42: Number of Users | G42: Users | H42: 71-80 | J42: 2025-Q1 | K42: native | L42: 22100 | M42: count | N42: 22.1 K
A43: 2025-Q1 | B43: cliq | C43: 2 | D43: category | E43: category_chart | F43: Number of Users | G43: Users | H43: 81-90 | J43: 2025-Q1 | K43: native | L43: 4000 | M43: count | N43: 4.0 K
A44: 2025-Q1 | B44: cliq | C44: 2 | D44: category | E44: category_chart | F44: Number of Users | G44: Users | H44: <18 | J44: 2025-Q1 | K44: native | L44: 6700 | M44: count | N44: 6.7 K
A45: 2025-Q1 | B45: cliq | C45: 2 | D45: category | E45: category_chart | F45: Number of Users | G45: Users | H45: Female | J45: 2025-Q1 | K45: native | L45: 623200 | M45: count | N45: 623.2 K
A46: 2025-Q1 | B46: cliq | C46: 2 | D46: category | E46: category_chart | F46: Number of Users | G46: Users | H46: Individual | J46: 2025-Q1 | K46: native | L46: 1740000 | M46: count | N46: 1.74 M
A47: 2025-Q1 | B47: cliq | C47: 2 | D47: category | E47: category_chart | F47: Number of Users | G47: Users | H47: Jordanian | J47: 2025-Q1 | K47: native | L47: 1710000 | M47: count | N47: 1.71 M
A48: 2025-Q1 | B48: cliq | C48: 2 | D48: category | E48: category_chart | F48: Number of Users | G48: Users | H48: Legal (entities) | J48: 2025-Q1 | K48: native | L48: 34000 | M48: count | N48: 34.0 K
... A50: 2025-Q1 | B50: cliq | C50: 2 | D50: category | E50: category_chart | F50: Number of Users | G50: Users | H50: Non-Jordanian | J50: 2025-Q1 | K50: native | L50: 67000 | M50: count | N50: 67.0 K
A51: 2025-Q1 | B51: cliq | C51: 2 | D51: chart_point | E51: trend_chart | F51: Number of Users | G51: Users | J51: 2024-Q4 | K51: trailing_chart_point | L51: 1670000 | M51: count | N51: 1.67 M | O51: TRUE | P51: restated
A52: 2025-Q1 | B52: cliq | C52: 2 | D52: kpi | E52: stat_box | F52: Number of Users | G52: Users | J52: 2025-Q1 | K52: native | L52: 1780000 | M52: count | N52: 1.78 M
A53: 2025-Q2 | B53: cliq | C53: 2 | D53: category | E53: category_chart | F53: Number of Users | G53: Users | H53: 18-30 | J53: 2025-Q2 | K53: native | L53: 684600 | M53: count | N53: 684.6 K
A54: 2025-Q2 | B54: cliq | C54: 2 | D54: category | E54: category_chart | F54: Number of Users | G54: Users | H54: 31-40 | J54: 2025-Q2 | K54: native | L54: 490000 | M54: count | N54: 490.0 K
A55: 2025-Q2 | B55: cliq | C55: 2 | D55: category | E55: category_chart | F55: Number of Users | G55: Users | H55: 41-50 | J55: 2025-Q2 | K55: native | L55: 331600 | M55: count | N55: 331.6 K
A56: 2025-Q2 | B56: cliq | C56: 2 | D56: category | E56: category_chart | F56: Number of Users | G56: Users | H56: 51-60 | J56: 2025-Q2 | K56: native | L56: 203500 | M56: count | N56: 203.5 K
A57: 2025-Q2 | B57: cliq | C57: 2 | D57: category | E57: category_chart | F57: Number of Users | G57: Users | H57: 61-70 | J57: 2025-Q2 | K57: native | L57: 92500 | M57: count | N57: 92.5 K
A58: 2025-Q2 | B58: cliq | C58: 2 | D58: category | E58: category_chart | F58: Number of Users | G58: Users | H58: 71-80 | J58: 2025-Q2 | K58: native | L58: 24200 | M58: count | N58: 24.2 K
A59: 2025-Q2 | B59: cliq | C59: 2 | D59: category | E59: category_chart | F59: Number of Users | G59: Users | H59: 81-90 | J59: 2025-Q2 | K59: native | L59: 5500 | M59: count | N59: 5.5 K
A60: 2025-Q2 | B60: cliq | C60: 2 | D60: category | E60: category_chart | F60: Number of Users | G60: Users | H60: <18 | J60: 2025-Q2 | K60: native | L60: 8600 | M60: count | N60: 8.6 K
A61: 2025-Q2 | B61: cliq | C61: 2 | D61: category | E61: category_chart | F61: Number of Users | G61: Users | H61: Female | J61: 2025-Q2 | K61: native | L61: 661200 | M61: count | N61: 661.2 K
A62: 2025-Q2 | B62: cliq | C62: 2 | D62: category | E62: category_chart | F62: Number of Users | G62: Users | H62: Individual | J62: 2025-Q2 | K62: native | L62: 1840000 | M62: count | N62: 1.84 M
A63: 2025-Q2 | B63: cliq | C63: 2 | D63: category | E63: category_chart | F63: Number of Users | G63: Users | H63: Jordanian | J63: 2025-Q2 | K63: native | L63: 1810000 | M63: count | N63: 1.81 M
A64: 2025-Q2 | B64: cliq | C64: 2 | D64: category | E64: category_chart | F64: Number of Users | G64: Users | H64: Legal (entities) | J64: 2025-Q2 | K64: native | L64: 37600 | M64: count | N64: 37.6 K
... A66: 2025-Q2 | B66: cliq | C66: 2 | D66: category | E66: category_chart | F66: Number of Users | G66: Users | H66: Non-Jordanian | J66: 2025-Q2 | K66: native | L66: 71800 | M66: count | N66: 71.8 K
A67: 2025-Q2 | B67: cliq | C67: 2 | D67: chart_point | E67: trend_chart | F67: Number of Users | G67: Users | J67: 2025-Q1 | K67: trailing_chart_point | L67: 1780000 | M67: count | N67: 1.78 M | O67: TRUE | P67: restated
A68: 2025-Q2 | B68: cliq | C68: 2 | D68: kpi | E68: stat_box | F68: Number of Users | G68: Users | J68: 2025-Q2 | K68: native | L68: 1880000 | M68: count | N68: 1.88 M
A69: 2025-Q3 | B69: cliq | C69: 2 | D69: category | E69: category_chart | F69: Number of Users | G69: Users | H69: 18-30 | J69: 2025-Q3 | K69: native | L69: 729700 | M69: count | N69: 729.7 K
A70: 2025-Q3 | B70: cliq | C70: 2 | D70: category | E70: category_chart | F70: Number of Users | G70: Users | H70: 31-40 | J70: 2025-Q3 | K70: native | L70: 516000 | M70: count | N70: 516.0 K
A71: 2025-Q3 | B71: cliq | C71: 2 | D71: category | E71: category_chart | F71: Number of Users | G71: Users | H71: 41-50 | J71: 2025-Q3 | K71: native | L71: 354300 | M71: count | N71: 354.3 K
A72: 2025-Q3 | B72: cliq | C72: 2 | D72: category | E72: category_chart | F72: Number of Users | G72: Users | H72: 51-60 | J72: 2025-Q3 | K72: native | L72: 218100 | M72: count | N72: 218.1 K
A73: 2025-Q3 | B73: cliq | C73: 2 | D73: category | E73: category_chart | F73: Number of Users | G73: Users | H73: 61-70 | J73: 2025-Q3 | K73: native | L73: 99800 | M73: count | N73: 99.8 K
A74: 2025-Q3 | B74: cliq | C74: 2 | D74: category | E74: category_chart | F74: Number of Users | G74: Users | H74: 71-80 | J74: 2025-Q3 | K74: native | L74: 26500 | M74: count | N74: 26.5 K
A75: 2025-Q3 | B75: cliq | C75: 2 | D75: category | E75: category_chart | F75: Number of Users | G75: Users | H75: 81-90 | J75: 2025-Q3 | K75: native | L75: 6000 | M75: count | N75: 6.0 K
A76: 2025-Q3 | B76: cliq | C76: 2 | D76: category | E76: category_chart | F76: Number of Users | G76: Users | H76: <18 | J76: 2025-Q3 | K76: native | L76: 9200 | M76: count | N76: 9.2 K
A77: 2025-Q3 | B77: cliq | C77: 2 | D77: category | E77: category_chart | F77: Number of Users | G77: Users | H77: Female | J77: 2025-Q3 | K77: native | L77: 709400 | M77: count | N77: 709.4 K
A78: 2025-Q3 | B78: cliq | C78: 2 | D78: category | E78: category_chart | F78: Number of Users | G78: Users | H78: Individual | J78: 2025-Q3 | K78: native | L78: 1950000 | M78: count | N78: 1.95 M
A79: 2025-Q3 | B79: cliq | C79: 2 | D79: category | E79: category_chart | F79: Number of Users | G79: Users | H79: Jordanian | J79: 2025-Q3 | K79: native | L79: 1930000 | M79: count | N79: 1.93 M
A80: 2025-Q3 | B80: cliq | C80: 2 | D80: category | E80: category_chart | F80: Number of Users | G80: Users | H80: Legal (entities) | J80: 2025-Q3 | K80: native | L80: 55300 | M80: count | N80: 55.3 K
... A82: 2025-Q3 | B82: cliq | C82: 2 | D82: category | E82: category_chart | F82: Number of Users | G82: Users | H82: Non-Jordanian | J82: 2025-Q3 | K82: native | L82: 78000 | M82: count | N82: 78.0 K
A83: 2025-Q3 | B83: cliq | C83: 2 | D83: chart_point | E83: trend_chart | F83: Number of Users | G83: Users | J83: 2025-Q1 | K83: trailing_chart_point | L83: 1780000 | M83: count | N83: 1.78 M | O83: TRUE | P83: restated
A84: 2025-Q3 | B84: cliq | C84: 2 | D84: chart_point | E84: trend_chart | F84: Number of Users | G84: Users | J84: 2025-Q2 | K84: trailing_chart_point | L84: 1880000 | M84: count | N84: 1.88 M | O84: TRUE | P84: restated
A85: 2025-Q3 | B85: cliq | C85: 2 | D85: kpi | E85: stat_box | F85: Number of Users | G85: Users | J85: 2025-Q3 | K85: native | L85: 2000000 | M85: count | N85: 2.00 M
A86: 2025-Q4 | B86: cliq | C86: 2 | D86: category | E86: category_chart | F86: Number of Users | G86: Users | H86: 18-30 | J86: 2025-Q4 | K86: native | L86: 775500 | M86: count | N86: 775.5 K
A87: 2025-Q4 | B87: cliq | C87: 2 | D87: category | E87: category_chart | F87: Number of Users | G87: Users | H87: 31-40 | J87: 2025-Q4 | K87: native | L87: 542000 | M87: count | N87: 542.0 K
A88: 2025-Q4 | B88: cliq | C88: 2 | D88: category | E88: category_chart | F88: Number of Users | G88: Users | H88: 41-50 | J88: 2025-Q4 | K88: native | L88: 375400 | M88: count | N88: 375.4 K
A89: 2025-Q4 | B89: cliq | C89: 2 | D89: category | E89: category_chart | F89: Number of Users | G89: Users | H89: 51-60 | J89: 2025-Q4 | K89: native | L89: 232200 | M89: count | N89: 232.2 K
A90: 2025-Q4 | B90: cliq | C90: 2 | D90: category | E90: category_chart | F90: Number of Users | G90: Users | H90: 61-70 | J90: 2025-Q4 | K90: native | L90: 107100 | M90: count | N90: 107.1 K
A91: 2025-Q4 | B91: cliq | C91: 2 | D91: category | E91: category_chart | F91: Number of Users | G91: Users | H91: 71-80 | J91: 2025-Q4 | K91: native | L91: 28800 | M91: count | N91: 28.8 K
A92: 2025-Q4 | B92: cliq | C92: 2 | D92: category | E92: category_chart | F92: Number of Users | G92: Users | H92: 81-90 | J92: 2025-Q4 | K92: native | L92: 6400 | M92: count | N92: 6.4 K
A93: 2025-Q4 | B93: cliq | C93: 2 | D93: category | E93: category_chart | F93: Number of Users | G93: Users | H93: <18 | J93: 2025-Q4 | K93: native | L93: 9700 | M93: count | N93: 9.7 K
A94: 2025-Q4 | B94: cliq | C94: 2 | D94: category | E94: category_chart | F94: Number of Users | G94: Users | H94: Female | J94: 2025-Q4 | K94: native | L94: 763600 | M94: count | N94: 763.6 K
A95: 2025-Q4 | B95: cliq | C95: 2 | D95: category | E95: category_chart | F95: Number of Users | G95: Users | H95: Individual | J95: 2025-Q4 | K95: native | L95: 2080000 | M95: count | N95: 2.08 M
A96: 2025-Q4 | B96: cliq | C96: 2 | D96: category | E96: category_chart | F96: Number of Users | G96: Users | H96: Jordanian | J96: 2025-Q4 | K96: native | L96: 2040000 | M96: count | N96: 2.04 M
A97: 2025-Q4 | B97: cliq | C97: 2 | D97: category | E97: category_chart | F97: Number of Users | G97: Users | H97: Legal (entities) | J97: 2025-Q4 | K97: native | L97: 48300 | M97: count | N97: 48.3 K
... A99: 2025-Q4 | B99: cliq | C99: 2 | D99: category | E99: category_chart | F99: Number of Users | G99: Users | H99: Non-Jordanian | J99: 2025-Q4 | K99: native | L99: 84000 | M99: count | N99: 84.0 K
A100: 2025-Q4 | B100: cliq | C100: 2 | D100: chart_point | E100: trend_chart | F100: Number of Users | G100: Users | J100: 2025-Q1 | K100: trailing_chart_point | L100: 1780000 | M100: count | N100: 1.78 M | O100: TRUE | P100: restated
A101: 2025-Q4 | B101: cliq | C101: 2 | D101: chart_point | E101: trend_chart | F101: Number of Users | G101: Users | J101: 2025-Q2 | K101: trailing_chart_point | L101: 1880000 | M101: count | N101: 1.88 M | O101: TRUE | P101: restated
A102: 2025-Q4 | B102: cliq | C102: 2 | D102: chart_point | E102: trend_chart | F102: Number of Users | G102: Users | J102: 2025-Q3 | K102: trailing_chart_point | L102: 2000000 | M102: count | N102: 2.00 M | O102: TRUE | P102: restated
A103: 2025-Q4 | B103: cliq | C103: 2 | D103: kpi | E103: stat_box | F103: Number of Users | G103: Users | J103: 2025-Q4 | K103: native | L103: 2130000 | M103: count | N103: 2.13 M
A104: 2026-Q1 | B104: cliq | C104: 2 | D104: category | E104: category_chart | F104: Number of Users | G104: Users | H104: 18-30 | J104: 2026-Q1 | K104: native | L104: 795100 | M104: count | N104: 795.1 K
A105: 2026-Q1 | B105: cliq | C105: 2 | D105: category | E105: category_chart | F105: Number of Users | G105: Users | H105: 31-40 | J105: 2026-Q1 | K105: native | L105: 567000 | M105: count | N105: 567.0 K
A106: 2026-Q1 | B106: cliq | C106: 2 | D106: category | E106: category_chart | F106: Number of Users | G106: Users | H106: 41-50 | J106: 2026-Q1 | K106: native | L106: 397000 | M106: count | N106: 397.0 K
...

Sheet pivot
A2: period_scope | B2: native
A3: system | B3: ach
A4: metric | B4: (All)
A6: Sum of value | B6: Column Labels
A7: Row Labels | B7: EUR | C7: GBP | D7: USD | E7: (blank) | F7: Grand Total
A8: 2024-Q3 | B8: 9300901 | C8: 1000116 | D8: 119317056 | E8: 2362800000 | F8: 2492418073
A9: 2024-Q4 | B9: 8200941 | C9: 900113 | D9: 117217543 | E9: 2422970000 | F9: 2549288597
A10: 2025-Q1 | B10: 8901003 | C10: 1100107 | D10: 113016918 | E10: 2412980000 | F10: 2535998028
A11: 2025-Q2 | B11: 7900844 | C11: 900086 | D11: 110017236 | E11: 2352870000 | F11: 2471688166
A12: 2025-Q3 | B12: 9300989 | C12: 1100133 | D12: 123017556 | E12: 2613060000 | F12: 2746478678
A13: 2025-Q4 | B13: 7900922 | C13: 1000120 | D13: 122018897 | E13: 2633260000 | F13: 2764179939
A14: 2026-Q1 | B14: 7800828 | C14: 1000103 | D14: 112016863 | E14: 2693240000 | F14: 2814057794
A15: 2026-Q2 | B15: 8300898 | C15: 900113 | D15: 116017329 | E15: 2753290000 | F15: 2878508340
A16: Grand Total | B16: 67607326 | C16: 7900891 | D16: 932639398 | E16: 20244470000 | F16: 21252617615

Sheet Charts

Sheet IPS
A1: CliQ & JoMoPay Interoperability - Quarterly Data (Q3 2024 - Q2 2026)
A3: Category | B3: Metric | C3: Q3 2024 | D3: Q4 2024 | E3: Q1 2025 | F3: Q2 2025 | G3: Q3 2025 | H3: Q4 2025 | I3: Q1 2026 | J3: Q2 2026
A4: USERS
A5: Users | B5: Total Registered Users | C5: =SUM(CliQ!C5, JoMoPay!C5) -> 3890000 | D5: =SUM(CliQ!D5, JoMoPay!D5) -> 4260000 | E5: =SUM(CliQ!E5, JoMoPay!E5) -> 4380000 | F5: =SUM(CliQ!F5, JoMoPay!F5) -> 4550000 | G5: =SUM(CliQ!G5, JoMoPay!G5) -> 4700000 | H5: =SUM(CliQ!H5, JoMoPay!H5) -> 4940000 | I5: =SUM(CliQ!I5, JoMoPay!I5) -> 5130000 | J5: =SUM(CliQ!J5, JoMoPay!J5) -> 5310000
A6: USERS BY NATIONALITY
A7: Nationality | B7: Jordanian (count) | C7: =SUM(CliQ!C7,JoMoPay!C7) -> 3550000 | D7: =SUM(CliQ!D7,JoMoPay!D7) -> 3900000 | E7: =SUM(CliQ!E7,JoMoPay!E7) -> 4000000 | F7: =SUM(CliQ!F7,JoMoPay!F7) -> 4160000 | G7: =SUM(CliQ!G7,JoMoPay!G7) -> 4300000 | H7: =SUM(CliQ!H7,JoMoPay!H7) -> 4510000 | I7: =SUM(CliQ!I7,JoMoPay!I7) -> 4680000 | J7: =SUM(CliQ!J7,JoMoPay!J7) -> 4850000
A8: Nationality | B8: Jordanian (% of users) | C8: =C$7/(C$7+C$9) -> 0.91377091 | D8: =D$7/(D$7+D$9) -> 0.9152781 | E8: =E$7/(E$7+E$9) -> 0.91386795 | F8: =F$7/(F$7+F$9) -> 0.91392416 | G8: =G$7/(G$7+G$9) -> 0.913339 | H8: =H$7/(H$7+H$9) -> 0.91406567 | I8: =I$7/(I$7+I$9) -> 0.91242299 | J8: =J$7/(J$7+J$9) -> 0.91259761
A9: Nationality | B9: Non-Jordanian (count) | C9: =SUM(CliQ!C9,JoMoPay!C9) -> 335000 | D9: =SUM(CliQ!D9,JoMoPay!D9) -> 361000 | E9: =SUM(CliQ!E9,JoMoPay!E9) -> 377000 | F9: =SUM(CliQ!F9,JoMoPay!F9) -> 391800 | G9: =SUM(CliQ!G9,JoMoPay!G9) -> 408000 | H9: =SUM(CliQ!H9,JoMoPay!H9) -> 424000 | I9: =SUM(CliQ!I9,JoMoPay!I9) -> 449200 | J9: =SUM(CliQ!J9,JoMoPay!J9) -> 464500
A10: Nationality | B10: Non-Jordanian (% of users) | C10: =C$9/(C$9+C$7) -> 0.086229086 | D10: =D$9/(D$9+D$7) -> 0.084721896 | E10: =E$9/(E$9+E$7) -> 0.086132054 | F10: =F$9/(F$9+F$7) -> 0.086075838 | G10: =G$9/(G$9+G$7) -> 0.086661003 | H10: =H$9/(H$9+H$7) -> 0.085934333 | I10: =I$9/(I$9+I$7) -> 0.08757701 | J10: =J$9/(J$9+J$7) -> 0.08740239
A11: USERS BY GENDER
A12: Gender | B12: Male (count) | C12: =SUM(CliQ!C12,JoMoPay!C12) -> 2153400 | D12: =SUM(CliQ!D12,JoMoPay!D12) -> 2350000 | E12: =SUM(CliQ!E12,JoMoPay!E12) -> 2410000 | F12: =SUM(CliQ!F12,JoMoPay!F12) -> 2520000 | G12: =SUM(CliQ!G12,JoMoPay!G12) -> 2650000 | H12: =SUM(CliQ!H12,JoMoPay!H12) -> 2790000 | I12: =SUM(CliQ!I12,JoMoPay!I12) -> 2900000 | J12: =SUM(CliQ!J12,JoMoPay!J12) -> 3020000
A13: Gender | B13: Male (%) | C13: =C$12/(C$12+C$14) -> 0.56155631 | D13: =D$12/(D$12+D$14) -> 0.56044454 | E13: =E$12/(E$12+E$14) -> 0.55617096 | F13: =F$12/(F$12+F$14) -> 0.56360709 | G13: =G$12/(G$12+G$14) -> 0.57119455 | H13: =H$12/(H$12+H$14) -> 0.57247209 | I13: =I$12/(I$12+I$14) -> 0.57498612 | J13: =J$12/(J$12+J$14) -> 0.57733851
A14: Gender | B14: Female (count) | C14: =SUM(CliQ!C14,JoMoPay!C14) -> 1681300 | D14: =SUM(CliQ!D14,JoMoPay!D14) -> 1843100 | E14: =SUM(CliQ!E14,JoMoPay!E14) -> 1923200 | F14: =SUM(CliQ!F14,JoMoPay!F14) -> 1951200 | G14: =SUM(CliQ!G14,JoMoPay!G14) -> 1989400 | H14: =SUM(CliQ!H14,JoMoPay!H14) -> 2083600 | I14: =SUM(CliQ!I14,JoMoPay!I14) -> 2143600 | J14: =SUM(CliQ!J14,JoMoPay!J14) -> 2210900
A15: Gender | B15: Female (%) | C15: =C$14/(C$14+C$12) -> 0.43844369 | D15: =D$14/(D$14+D$12) -> 0.43955546 | E15: =E$14/(E$14+E$12) -> 0.44382904 | F15: =F$14/(F$14+F$12) -> 0.43639291 | G15: =G$14/(G$14+G$12) -> 0.42880545 | H15: =H$14/(H$14+H$12) -> 0.42752791 | I15: =I$14/(I$14+I$12) -> 0.42501388 | J15: =J$14/(J$14+J$12) -> 0.42266149
A16: USERS BY AGE BRACKET (count)
A17: Age | B17: <18 | C17: =SUM(CliQ!C17,JoMoPay!C17) -> 7200 | D17: =SUM(CliQ!D17,JoMoPay!D17) -> 7700 | E17: =SUM(CliQ!E17,JoMoPay!E17) -> 8000 | F17: =SUM(CliQ!F17,JoMoPay!F17) -> 9600 | G17: =SUM(CliQ!G17,JoMoPay!G17) -> 10200 | H17: =SUM(CliQ!H17,JoMoPay!H17) -> 10800 | I17: =SUM(CliQ!I17,JoMoPay!I17) -> 11400 | J17: =SUM(CliQ!J17,JoMoPay!J17) -> 12030
A18: Age | B18: 18-30 | C18: =SUM(CliQ!C18,JoMoPay!C18) -> 1419200 | D18: =SUM(CliQ!D18,JoMoPay!D18) -> 1597400 | E18: =SUM(CliQ!E18,JoMoPay!E18) -> 1595100 | F18: =SUM(CliQ!F18,JoMoPay!F18) -> 1636100 | G18: =SUM(CliQ!G18,JoMoPay!G18) -> 1706200 | H18: =SUM(CliQ!H18,JoMoPay!H18) -> 1805500 | I18: =SUM(CliQ!I18,JoMoPay!I18) -> 1845100 | J18: =SUM(CliQ!J18,JoMoPay!J18) -> 1896500
A19: Age | B19: 31-40 | C19: =SUM(CliQ!C19,JoMoPay!C19) -> 1012400 | D19: =SUM(CliQ!D19,JoMoPay!D19) -> 1105000 | E19: =SUM(CliQ!E19,JoMoPay!E19) -> 1134400 | F19: =SUM(CliQ!F19,JoMoPay!F19) -> 1175800 | G19: =SUM(CliQ!G19,JoMoPay!G19) -> 1209600 | H19: =SUM(CliQ!H19,JoMoPay!H19) -> 1261700 | I19: =SUM(CliQ!I19,JoMoPay!I19) -> 1313000 | J19: =SUM(CliQ!J19,JoMoPay!J19) -> 1357400
A20: Age | B20: 41-50 | C20: =SUM(CliQ!C20,JoMoPay!C20) -> 723000 | D20: =SUM(CliQ!D20,JoMoPay!D20) -> 792100 | E20: =SUM(CliQ!E20,JoMoPay!E20) -> 816200 | F20: =SUM(CliQ!F20,JoMoPay!F20) -> 850400 | G20: =SUM(CliQ!G20,JoMoPay!G20) -> 875900 | H20: =SUM(CliQ!H20,JoMoPay!H20) -> 915300 | I20: =SUM(CliQ!I20,JoMoPay!I20) -> 957000 | J20: =SUM(CliQ!J20,JoMoPay!J20) -> 992800
A21: Age | B21: 51-60 | C21: =SUM(CliQ!C21,JoMoPay!C21) -> 447600 | D21: =SUM(CliQ!D21,JoMoPay!D21) -> 494900 | E21: =SUM(CliQ!E21,JoMoPay!E21) -> 507700 | F21: =SUM(CliQ!F21,JoMoPay!F21) -> 530100 | G21: =SUM(CliQ!G21,JoMoPay!G21) -> 543600 | H21: =SUM(CliQ!H21,JoMoPay!H21) -> 570900 | I21: =SUM(CliQ!I21,JoMoPay!I21) -> 598300 | J21: =SUM(CliQ!J21,JoMoPay!J21) -> 622500
A22: Age | B22: 61-70 | C22: =SUM(CliQ!C22,JoMoPay!C22) -> 174000 | D22: =SUM(CliQ!D22,JoMoPay!D22) -> 196800 | E22: =SUM(CliQ!E22,JoMoPay!E22) -> 203900 | F22: =SUM(CliQ!F22,JoMoPay!F22) -> 215500 | G22: =SUM(CliQ!G22,JoMoPay!G22) -> 222800 | H22: =SUM(CliQ!H22,JoMoPay!H22) -> 236100 | I22: =SUM(CliQ!I22,JoMoPay!I22) -> 253500 | J22: =SUM(CliQ!J22,JoMoPay!J22) -> 267800
A23: Age | B23: 71-80 | C23: =SUM(CliQ!C23,JoMoPay!C23) -> 52500 | D23: =SUM(CliQ!D23,JoMoPay!D23) -> 59900 | E23: =SUM(CliQ!E23,JoMoPay!E23) -> 59000 | F23: =SUM(CliQ!F23,JoMoPay!F23) -> 61700 | G23: =SUM(CliQ!G23,JoMoPay!G23) -> 62300 | H23: =SUM(CliQ!H23,JoMoPay!H23) -> 66400 | I23: =SUM(CliQ!I23,JoMoPay!I23) -> 71300 | J23: =SUM(CliQ!J23,JoMoPay!J23) -> 75400
A24: Age | B24: 81-90 | C24: =SUM(CliQ!C24,JoMoPay!C24) -> 16300 | D24: =SUM(CliQ!D24,JoMoPay!D24) -> 18400 | E24: =SUM(CliQ!E24,JoMoPay!E24) -> 16500 | F24: =SUM(CliQ!F24,JoMoPay!F24) -> 19400 | G24: =SUM(CliQ!G24,JoMoPay!G24) -> 18700 | H24: =SUM(CliQ!H24,JoMoPay!H24) -> 19400 | I24: =SUM(CliQ!I24,JoMoPay!I24) -> 20300 | J24: =SUM(CliQ!J24,JoMoPay!J24) -> 23400
A25: TRANSACTIONS BY TYPE (Value, JOD)
A26: Txn Type (JOD) | B26: Money Transfer (JOD) | C26: =SUM(CliQ!C40,JoMoPay!C44) -> 3980000000 | D26: =SUM(CliQ!D40,JoMoPay!D44) -> 4240000000 | E26: =SUM(CliQ!E40,JoMoPay!E44) -> 4660000000 | F26: =SUM(CliQ!F40,JoMoPay!F44) -> 5100000000 | G26: =SUM(CliQ!G40,JoMoPay!G44) -> 5550000000 | H26: =SUM(CliQ!H40,JoMoPay!H44) -> 5320000000 | I26: =SUM(CliQ!I40,JoMoPay!I44) -> 5630000000 | J26: =SUM(CliQ!J40,JoMoPay!J44) -> 6000000000
A27: Txn Type (JOD) | B27: Money Transfer (%) | C27: =C$26/(C$26+C$28) -> 0.855546 | D27: =D$26/(D$26+D$28) -> 0.85021055 | E27: =E$26/(E$26+E$28) -> 0.84974471 | F27: =F$26/(F$26+F$28) -> 0.83170254 | G27: =G$26/(G$26+G$28) -> 0.77008464 | H27: =H$26/(H$26+H$28) -> 0.75173096 | I27: =I$26/(I$26+I$28) -> 0.75499531 | J27: =J$26/(J$26+J$28) -> 0.74037512
A28: Txn Type (JOD) | B28: Purchases (JOD) | C28: =SUM(CliQ!C42,JoMoPay!C46) -> 672000000 | D28: =SUM(CliQ!D42,JoMoPay!D46) -> 747000000 | E28: =SUM(CliQ!E42,JoMoPay!E46) -> 824000000 | F28: =SUM(CliQ!F42,JoMoPay!F46) -> 1032000000 | G28: =SUM(CliQ!G42,JoMoPay!G46) -> 1657000000 | H28: =SUM(CliQ!H42,JoMoPay!H46) -> 1757000000 | I28: =SUM(CliQ!I42,JoMoPay!I46) -> 1827000000 | J28: =SUM(CliQ!J42,JoMoPay!J46) -> 2104000000
A29: Txn Type (JOD) | B29: Purchases (%) | C29: =C$28/(C$28+C$26) -> 0.144454 | D29: =D$28/(D$28+D$26) -> 0.14978945 | E29: =E$28/(E$28+E$26) -> 0.15025529 | F29: =F$28/(F$28+F$26) -> 0.16829746 | G29: =G$28/(G$28+G$26) -> 0.22991536 | H29: =H$28/(H$28+H$26) -> 0.24826904 | I29: =I$28/(I$28+I$26) -> 0.24500469 | J29: =J$28/(J$28+J$26) -> 0.25962488

Sheet CliQ_JoMoPay_Interop
A1: CliQ & JoMoPay Interoperability - Quarterly Data (Q3 2024 - Q2 2026)
A3: Category | B3: Metric | C3: Q3 2024 | D3: Q4 2024 | E3: Q1 2025 | F3: Q2 2025 | G3: Q3 2025 | H3: Q4 2025 | I3: Q1 2026 | J3: Q2 2026
A4: MONEY TRANSFER TRANSACTIONS - OVERVIEW
A5: Transactions | B5: Total Number of MT Transactions | C5: =SUMIFS(Data!$L:$L,Data!$B:$B,"interoperability",Data!$K:$K,"native",Data!$J:$J,RIGHT(C$3,4)&"-"&LEFT(C$3,2),Data!$F:$F,"Number of Money Transfer Transactions",Data!$H:$H,"",Data!$I:$I,"") -> 33740000 | D5: =SUMIFS(Data!$L:$L,Data!$B:$B,"interoperability",Data!$K:$K,"native",Data!$J:$J,RIGHT(D$3,4)&"-"&LEFT(D$3,2),Data!$F:$F,"Number of Money Transfer Transactions",Data!$H:$H,"",Data!$I:$I,"") -> 39800000 | E5: =SUMIFS(Data!$L:$L,Data!$B:$B,"interoperability",Data!$K:$K,"native",Data!$J:$J,RIGHT(E$3,4)&"-"&LEFT(E$3,2),Data!$F:$F,"Number of Money Transfer Transactions",Data!$H:$H,"",Data!$I:$I,"") -> 45770000 | F5: =SUMIFS(Data!$L:$L,Data!$B:$B,"interoperability",Data!$K:$K,"native",Data!$J:$J,RIGHT(F$3,4)&"-"&LEFT(F$3,2),Data!$F:$F,"Number of Money Transfer Transactions",Data!$H:$H,"",Data!$I:$I,"") -> 53880000 | G5: =SUMIFS(Data!$L:$L,Data!$B:$B,"interoperability",Data!$K:$K,"native",Data!$J:$J,RIGHT(G$3,4)&"-"&LEFT(G$3,2),Data!$F:$F,"Number of Money Transfer Transactions",Data!$H:$H,"",Data!$I:$I,"") -> 62230000 | H5: =SUMIFS(Data!$L:$L,Data!$B:$B,"interoperability",Data!$K:$K,"native",Data!$J:$J,RIGHT(H$3,4)&"-"&LEFT(H$3,2),Data!$F:$F,"Number of Money Transfer Transactions",Data!$H:$H,"",Data!$I:$I,"") -> 67090000 | I5: =SUMIFS(Data!$L:$L,Data!$B:$B,"interoperability",Data!$K:$K,"native",Data!$J:$J,RIGHT(I$3,4)&"-"&LEFT(I$3,2),Data!$F:$F,"Number of Money Transfer Transactions",Data!$H:$H,"",Data!$I:$I,"") -> 73120000 | J5: =SUMIFS(Data!$L:$L,Data!$B:$B,"interoperability",Data!$K:$K,"native",Data!$J:$J,RIGHT(J$3,4)&"-"&LEFT(J$3,2),Data!$F:$F,"Number of Money Transfer Transactions",Data!$H:$H,"",Data!$I:$I,"") -> 85550000
A6: Transactions | B6: Total Value of MT Transactions (JOD) | C6: =SUMIFS(Data!$L:$L,Data!$B:$B,"interoperability",Data!$K:$K,"native",Data!$J:$J,RIGHT(C$3,4)&"-"&LEFT(C$3,2),Data!$F:$F,"Value of Money Transfer Transactions",Data!$H:$H,"",Data!$I:$I,"") -> 3980000000 | D6: =SUMIFS(Data!$L:$L,Data!$B:$B,"interoperability",Data!$K:$K,"native",Data!$J:$J,RIGHT(D$3,4)&"-"&LEFT(D$3,2),Data!$F:$F,"Value of Money Transfer Transactions",Data!$H:$H,"",Data!$I:$I,"") -> 4240000000 | E6: =SUMIFS(Data!$L:$L,Data!$B:$B,"interoperability",Data!$K:$K,"native",Data!$J:$J,RIGHT(E$3,4)&"-"&LEFT(E$3,2),Data!$F:$F,"Value of Money Transfer Transactions",Data!$H:$H,"",Data!$I:$I,"") -> 4650000000 | F6: =SUMIFS(Data!$L:$L,Data!$B:$B,"interoperability",Data!$K:$K,"native",Data!$J:$J,RIGHT(F$3,4)&"-"&LEFT(F$3,2),Data!$F:$F,"Value of Money Transfer Transactions",Data!$H:$H,"",Data!$I:$I,"") -> 5090000000 | G6: =SUMIFS(Data!$L:$L,Data!$B:$B,"interoperability",Data!$K:$K,"native",Data!$J:$J,RIGHT(G$3,4)&"-"&LEFT(G$3,2),Data!$F:$F,"Value of Money Transfer Transactions",Data!$H:$H,"",Data!$I:$I,"") -> 5540000000 | H6: =SUMIFS(Data!$L:$L,Data!$B:$B,"interoperability",Data!$K:$K,"native",Data!$J:$J,RIGHT(H$3,4)&"-"&LEFT(H$3,2),Data!$F:$F,"Value of Money Transfer Transactions",Data!$H:$H,"",Data!$I:$I,"") -> 5310000000 | I6: =SUMIFS(Data!$L:$L,Data!$B:$B,"interoperability",Data!$K:$K,"native",Data!$J:$J,RIGHT(I$3,4)&"-"&LEFT(I$3,2),Data!$F:$F,"Value of Money Transfer Transactions",Data!$H:$H,"",Data!$I:$I,"") -> 5630000000 | J6: =SUMIFS(Data!$L:$L,Data!$B:$B,"interoperability",Data!$K:$K,"native",Data!$J:$J,RIGHT(J$3,4)&"-"&LEFT(J$3,2),Data!$F:$F,"Value of Money Transfer Transactions",Data!$H:$H,"",Data!$I:$I,"") -> 6000000000
A7: BY INSTITUTION (On Us / Off Us) - Number
A8: On/Off Us | B8: On Us (same financial institution) | C8: =SUMIFS(Data!$L:$L,Data!$B:$B,"interoperability",Data!$K:$K,"native",Data!$J:$J,RIGHT(C$3,4)&"-"&LEFT(C$3,2),Data!$F:$F,"Number of Money Transfer Transactions",Data!$H:$H,"On Us",Data!$I:$I,"") -> 8700000 | D8: =SUMIFS(Data!$L:$L,Data!$B:$B,"interoperability",Data!$K:$K,"native",Data!$J:$J,RIGHT(D$3,4)&"-"&LEFT(D$3,2),Data!$F:$F,"Number of Money Transfer Transactions",Data!$H:$H,"On Us",Data!$I:$I,"") -> 10130000 | E8: =SUMIFS(Data!$L:$L,Data!$B:$B,"interoperability",Data!$K:$K,"native",Data!$J:$J,RIGHT(E$3,4)&"-"&LEFT(E$3,2),Data!$F:$F,"Number of Money Transfer Transactions",Data!$H:$H,"On Us",Data!$I:$I,"") -> 11860000 | F8: =SUMIFS(Data!$L:$L,Data!$B:$B,"interoperability",Data!$K:$K,"native",Data!$J:$J,RIGHT(F$3,4)&"-"&LEFT(F$3,2),Data!$F:$F,"Number of Money Transfer Transactions",Data!$H:$H,"On Us",Data!$I:$I,"") -> 14180000 | G8: =SUMIFS(Data!$L:$L,Data!$B:$B,"interoperability",Data!$K:$K,"native",Data!$J:$J,RIGHT(G$3,4)&"-"&LEFT(G$3,2),Data!$F:$F,"Number of Money Transfer Transactions",Data!$H:$H,"On Us",Data!$I:$I,"") -> 16960000 | H8: =SUMIFS(Data!$L:$L,Data!$B:$B,"interoperability",Data!$K:$K,"native",Data!$J:$J,RIGHT(H$3,4)&"-"&LEFT(H$3,2),Data!$F:$F,"Number of Money Transfer Transactions",Data!$H:$H,"On Us",Data!$I:$I,"") -> 18380000 | I8: =SUMIFS(Data!$L:$L,Data!$B:$B,"interoperability",Data!$K:$K,"native",Data!$J:$J,RIGHT(I$3,4)&"-"&LEFT(I$3,2),Data!$F:$F,"Number of Money Transfer Transactions",Data!$H:$H,"On Us",Data!$I:$I,"") -> 21640000 | J8: =SUMIFS(Data!$L:$L,Data!$B:$B,"interoperability",Data!$K:$K,"native",Data!$J:$J,RIGHT(J$3,4)&"-"&LEFT(J$3,2),Data!$F:$F,"Number of Money Transfer Transactions",Data!$H:$H,"On Us",Data!$I:$I,"") -> 26000000
A9: On/Off Us | B9: On Us (%) | C9: =C$8/(C$8+C$10) -> 0.25785418 | D9: =D$8/(D$8+D$10) -> 0.25452261 | E9: =E$8/(E$8+E$10) -> 0.2591217 | F9: =F$8/(F$8+F$10) -> 0.26317743 | G9: =G$8/(G$8+G$10) -> 0.27253736 | H9: =H$8/(H$8+H$10) -> 0.27391952 | I9: =I$8/(I$8+I$10) -> 0.29591139 | J9: =J$8/(J$8+J$10) -> 0.30391584
A10: On/Off Us | B10: Off Us (different institutions) | C10: =SUMIFS(Data!$L:$L,Data!$B:$B,"interoperability",Data!$K:$K,"native",Data!$J:$J,RIGHT(C$3,4)&"-"&LEFT(C$3,2),Data!$F:$F,"Number of Money Transfer Transactions",Data!$H:$H,"Off Us",Data!$I:$I,"") -> 25040000 | D10: =SUMIFS(Data!$L:$L,Data!$B:$B,"interoperability",Data!$K:$K,"native",Data!$J:$J,RIGHT(D$3,4)&"-"&LEFT(D$3,2),Data!$F:$F,"Number of Money Transfer Transactions",Data!$H:$H,"Off Us",Data!$I:$I,"") -> 29670000 | E10: =SUMIFS(Data!$L:$L,Data!$B:$B,"interoperability",Data!$K:$K,"native",Data!$J:$J,RIGHT(E$3,4)&"-"&LEFT(E$3,2),Data!$F:$F,"Number of Money Transfer Transactions",Data!$H:$H,"Off Us",Data!$I:$I,"") -> 33910000 | F10: =SUMIFS(Data!$L:$L,Data!$B:$B,"interoperability",Data!$K:$K,"native",Data!$J:$J,RIGHT(F$3,4)&"-"&LEFT(F$3,2),Data!$F:$F,"Number of Money Transfer Transactions",Data!$H:$H,"Off Us",Data!$I:$I,"") -> 39700000 | G10: =SUMIFS(Data!$L:$L,Data!$B:$B,"interoperability",Data!$K:$K,"native",Data!$J:$J,RIGHT(G$3,4)&"-"&LEFT(G$3,2),Data!$F:$F,"Number of Money Transfer Transactions",Data!$H:$H,"Off Us",Data!$I:$I,"") -> 45270000 | H10: =SUMIFS(Data!$L:$L,Data!$B:$B,"interoperability",Data!$K:$K,"native",Data!$J:$J,RIGHT(H$3,4)&"-"&LEFT(H$3,2),Data!$F:$F,"Number of Money Transfer Transactions",Data!$H:$H,"Off Us",Data!$I:$I,"") -> 48720000 | I10: =SUMIFS(Data!$L:$L,Data!$B:$B,"interoperability",Data!$K:$K,"native",Data!$J:$J,RIGHT(I$3,4)&"-"&LEFT(I$3,2),Data!$F:$F,"Number of Money Transfer Transactions",Data!$H:$H,"Off Us",Data!$I:$I,"") -> 51490000 | J10: =SUMIFS(Data!$L:$L,Data!$B:$B,"interoperability",Data!$K:$K,"native",Data!$J:$J,RIGHT(J$3,4)&"-"&LEFT(J$3,2),Data!$F:$F,"Number of Money Transfer Transactions",Data!$H:$H,"Off Us",Data!$I:$I,"") -> 59550000
A11: On/Off Us | B11: Off Us (%) | C11: =C$10/(C$10+C$8) -> 0.74214582 | D11: =D$10/(D$10+D$8) -> 0.74547739 | E11: =E$10/(E$10+E$8) -> 0.7408783 | F11: =F$10/(F$10+F$8) -> 0.73682257 | G11: =G$10/(G$10+G$8) -> 0.72746264 | H11: =H$10/(H$10+H$8) -> 0.72608048 | I11: =I$10/(I$10+I$8) -> 0.70408861 | J11: =J$10/(J$10+J$8) -> 0.69608416
A12: BY INSTITUTION (On Us / Off Us) - Value, JOD
A13: On/Off Us (JOD) | B13: On Us (JOD) | C13: =SUMIFS(Data!$L:$L,Data!$B:$B,"interoperability",Data!$K:$K,"native",Data!$J:$J,RIGHT(C$3,4)&"-"&LEFT(C$3,2),Data!$F:$F,"Value of Money Transfer Transactions",Data!$H:$H,"On Us",Data!$I:$I,"") -> 777000000 | D13: =SUMIFS(Data!$L:$L,Data!$B:$B,"interoperability",Data!$K:$K,"native",Data!$J:$J,RIGHT(D$3,4)&"-"&LEFT(D$3,2),Data!$F:$F,"Value of Money Transfer Transactions",Data!$H:$H,"On Us",Data!$I:$I,"") -> 810000000 | E13: =SUMIFS(Data!$L:$L,Data!$B:$B,"interoperability",Data!$K:$K,"native",Data!$J:$J,RIGHT(E$3,4)&"-"&LEFT(E$3,2),Data!$F:$F,"Value of Money Transfer Transactions",Data!$H:$H,"On Us",Data!$I:$I,"") -> 909000000 | F13: =SUMIFS(Data!$L:$L,Data!$B:$B,"interoperability",Data!$K:$K,"native",Data!$J:$J,RIGHT(F$3,4)&"-"&LEFT(F$3,2),Data!$F:$F,"Value of Money Transfer Transactions",Data!$H:$H,"On Us",Data!$I:$I,"") -> 998000000 | G13: =SUMIFS(Data!$L:$L,Data!$B:$B,"interoperability",Data!$K:$K,"native",Data!$J:$J,RIGHT(G$3,4)&"-"&LEFT(G$3,2),Data!$F:$F,"Value of Money Transfer Transactions",Data!$H:$H,"On Us",Data!$I:$I,"") -> 1130000000 | H13: =SUMIFS(Data!$L:$L,Data!$B:$B,"interoperability",Data!$K:$K,"native",Data!$J:$J,RIGHT(H$3,4)&"-"&LEFT(H$3,2),Data!$F:$F,"Value of Money Transfer Transactions",Data!$H:$H,"On Us",Data!$I:$I,"") -> 1080000000 | I13: =SUMIFS(Data!$L:$L,Data!$B:$B,"interoperability",Data!$K:$K,"native",Data!$J:$J,RIGHT(I$3,4)&"-"&LEFT(I$3,2),Data!$F:$F,"Value of Money Transfer Transactions",Data!$H:$H,"On Us",Data!$I:$I,"") -> 1190000000 | J13: =SUMIFS(Data!$L:$L,Data!$B:$B,"interoperability",Data!$K:$K,"native",Data!$J:$J,RIGHT(J$3,4)&"-"&LEFT(J$3,2),Data!$F:$F,"Value of Money Transfer Transactions",Data!$H:$H,"On Us",Data!$I:$I,"") -> 1270000000
A14: On/Off Us (JOD) | B14: On Us (%) | C14: =C$13/(C$13+C$15) -> 0.1953734 | D14: =D$13/(D$13+D$15) -> 0.19103774 | E14: =E$13/(E$13+E$15) -> 0.19552592 | F14: =F$13/(F$13+F$15) -> 0.19576304 | G14: =G$13/(G$13+G$15) -> 0.20397112 | H14: =H$13/(H$13+H$15) -> 0.20300752 | I14: =I$13/(I$13+I$15) -> 0.21099291 | J14: =J$13/(J$13+J$15) -> 0.21166667
A15: On/Off Us (JOD) | B15: Off Us (JOD) | C15: =SUMIFS(Data!$L:$L,Data!$B:$B,"interoperability",Data!$K:$K,"native",Data!$J:$J,RIGHT(C$3,4)&"-"&LEFT(C$3,2),Data!$F:$F,"Value of Money Transfer Transactions",Data!$H:$H,"Off Us",Data!$I:$I,"") -> 3200000000 | D15: =SUMIFS(Data!$L:$L,Data!$B:$B,"interoperability",Data!$K:$K,"native",Data!$J:$J,RIGHT(D$3,4)&"-"&LEFT(D$3,2),Data!$F:$F,"Value of Money Transfer Transactions",Data!$H:$H,"Off Us",Data!$I:$I,"") -> 3430000000 | E15: =SUMIFS(Data!$L:$L,Data!$B:$B,"interoperability",Data!$K:$K,"native",Data!$J:$J,RIGHT(E$3,4)&"-"&LEFT(E$3,2),Data!$F:$F,"Value of Money Transfer Transactions",Data!$H:$H,"Off Us",Data!$I:$I,"") -> 3740000000 | F15: =SUMIFS(Data!$L:$L,Data!$B:$B,"interoperability",Data!$K:$K,"native",Data!$J:$J,RIGHT(F$3,4)&"-"&LEFT(F$3,2),Data!$F:$F,"Value of Money Transfer Transactions",Data!$H:$H,"Off Us",Data!$I:$I,"") -> 4100000000 | G15: =SUMIFS(Data!$L:$L,Data!$B:$B,"interoperability",Data!$K:$K,"native",Data!$J:$J,RIGHT(G$3,4)&"-"&LEFT(G$3,2),Data!$F:$F,"Value of Money Transfer Transactions",Data!$H:$H,"Off Us",Data!$I:$I,"") -> 4410000000 | H15: =SUMIFS(Data!$L:$L,Data!$B:$B,"interoperability",Data!$K:$K,"native",Data!$J:$J,RIGHT(H$3,4)&"-"&LEFT(H$3,2),Data!$F:$F,"Value of Money Transfer Transactions",Data!$H:$H,"Off Us",Data!$I:$I,"") -> 4240000000 | I15: =SUMIFS(Data!$L:$L,Data!$B:$B,"interoperability",Data!$K:$K,"native",Data!$J:$J,RIGHT(I$3,4)&"-"&LEFT(I$3,2),Data!$F:$F,"Value of Money Transfer Transactions",Data!$H:$H,"Off Us",Data!$I:$I,"") -> 4450000000 | J15: =SUMIFS(Data!$L:$L,Data!$B:$B,"interoperability",Data!$K:$K,"native",Data!$J:$J,RIGHT(J$3,4)&"-"&LEFT(J$3,2),Data!$F:$F,"Value of Money Transfer Transactions",Data!$H:$H,"Off Us",Data!$I:$I,"") -> 4730000000
A16: On/Off Us (JOD) | B16: Off Us (%) | C16: =C$15/(C$15+C$13) -> 0.8046266 | D16: =D$15/(D$15+D$13) -> 0.80896226 | E16: =E$15/(E$15+E$13) -> 0.80447408 | F16: =F$15/(F$15+F$13) -> 0.80423696 | G16: =G$15/(G$15+G$13) -> 0.79602888 | H16: =H$15/(H$15+H$13) -> 0.79699248 | I16: =I$15/(I$15+I$13) -> 0.78900709 | J16: =J$15/(J$15+J$13) -> 0.78833333
A17: BY DIRECTION (PSP<->Bank) - Number
A18: Direction | B18: mPSP to Bank | C18: =SUMIFS(Data!$L:$L,Data!$B:$B,"interoperability",Data!$K:$K,"native",Data!$J:$J,RIGHT(C$3,4)&"-"&LEFT(C$3,2),Data!$F:$F,"Number of Money Transfer Transactions",Data!$H:$H,"mPSP to Bank",Data!$I:$I,"") -> 4300000 | D18: =SUMIFS(Data!$L:$L,Data!$B:$B,"interoperability",Data!$K:$K,"native",Data!$J:$J,RIGHT(D$3,4)&"-"&LEFT(D$3,2),Data!$F:$F,"Number of Money Transfer Transactions",Data!$H:$H,"mPSP to Bank",Data!$I:$I,"") -> 5200000 | E18: =SUMIFS(Data!$L:$L,Data!$B:$B,"interoperability",Data!$K:$K,"native",Data!$J:$J,RIGHT(E$3,4)&"-"&LEFT(E$3,2),Data!$F:$F,"Number of Money Transfer Transactions",Data!$H:$H,"mPSP to Bank",Data!$I:$I,"") -> 5900000 | F18: =SUMIFS(Data!$L:$L,Data!$B:$B,"interoperability",Data!$K:$K,"native",Data!$J:$J,RIGHT(F$3,4)&"-"&LEFT(F$3,2),Data!$F:$F,"Number of Money Transfer Transactions",Data!$H:$H,"mPSP to Bank",Data!$I:$I,"") -> 7100000 | G18: =SUMIFS(Data!$L:$L,Data!$B:$B,"interoperability",Data!$K:$K,"native",Data!$J:$J,RIGHT(G$3,4)&"-"&LEFT(G$3,2),Data!$F:$F,"Number of Money Transfer Transactions",Data!$H:$H,"mPSP to Bank",Data!$I:$I,"") -> 8100000 | H18: =SUMIFS(Data!$L:$L,Data!$B:$B,"interoperability",Data!$K:$K,"native",Data!$J:$J,RIGHT(H$3,4)&"-"&LEFT(H$3,2),Data!$F:$F,"Number of Money Transfer Transactions",Data!$H:$H,"mPSP to Bank",Data!$I:$I,"") -> 8500000 | I18: =SUMIFS(Data!$L:$L,Data!$B:$B,"interoperability",Data!$K:$K,"native",Data!$J:$J,RIGHT(I$3,4)&"-"&LEFT(I$3,2),Data!$F:$F,"Number of Money Transfer Transactions",Data!$H:$H,"mPSP to Bank",Data!$I:$I,"") -> 8900000 | J18: =SUMIFS(Data!$L:$L,Data!$B:$B,"interoperability",Data!$K:$K,"native",Data!$J:$J,RIGHT(J$3,4)&"-"&LEFT(J$3,2),Data!$F:$F,"Number of Money Transfer Transactions",Data!$H:$H,"mPSP to Bank",Data!$I:$I,"") -> 10500000
A19: Direction | B19: mPSP to Bank (%) | C19: =C$18/(C$18+C$20) -> 0.45263158 | D19: =D$18/(D$18+D$20) -> 0.44827586 | E19: =E$18/(E$18+E$20) -> 0.43382353 | F19: =F$18/(F$18+F$20) -> 0.43030303 | G19: =G$18/(G$18+G$20) -> 0.421875 | H19: =H$18/(H$18+H$20) -> 0.41062802 | I19: =I$18/(I$18+I$20) -> 0.40454545 | J19: =J$18/(J$18+J$20) -> 0.40229885
A20: Direction | B20: Bank to mPSP | C20: =SUMIFS(Data!$L:$L,Data!$B:$B,"interoperability",Data!$K:$K,"native",Data!$J:$J,RIGHT(C$3,4)&"-"&LEFT(C$3,2),Data!$F:$F,"Number of Money Transfer Transactions",Data!$H:$H,"Bank to mPSP",Data!$I:$I,"") -> 5200000 | D20: =SUMIFS(Data!$L:$L,Data!$B:$B,"interoperability",Data!$K:$K,"native",Data!$J:$J,RIGHT(D$3,4)&"-"&LEFT(D$3,2),Data!$F:$F,"Number of Money Transfer Transactions",Data!$H:$H,"Bank to mPSP",Data!$I:$I,"") -> 6400000 | E20: =SUMIFS(Data!$L:$L,Data!$B:$B,"interoperability",Data!$K:$K,"native",Data!$J:$J,RIGHT(E$3,4)&"-"&LEFT(E$3,2),Data!$F:$F,"Number of Money Transfer Transactions",Data!$H:$H,"Bank to mPSP",Data!$I:$I,"") -> 7700000 | F20: =SUMIFS(Data!$L:$L,Data!$B:$B,"interoperability",Data!$K:$K,"native",Data!$J:$J,RIGHT(F$3,4)&"-"&LEFT(F$3,2),Data!$F:$F,"Number of Money Transfer Transactions",Data!$H:$H,"Bank to mPSP",Data!$I:$I,"") -> 9400000 | G20: =SUMIFS(Data!$L:$L,Data!$B:$B,"interoperability",Data!$K:$K,"native",Data!$J:$J,RIGHT(G$3,4)&"-"&LEFT(G$3,2),Data!$F:$F,"Number of Money Transfer Transactions",Data!$H:$H,"Bank to mPSP",Data!$I:$I,"") -> 11100000 | H20: =SUMIFS(Data!$L:$L,Data!$B:$B,"interoperability",Data!$K:$K,"native",Data!$J:$J,RIGHT(H$3,4)&"-"&LEFT(H$3,2),Data!$F:$F,"Number of Money Transfer Transactions",Data!$H:$H,"Bank to mPSP",Data!$I:$I,"") -> 12200000 | I20: =SUMIFS(Data!$L:$L,Data!$B:$B,"interoperability",Data!$K:$K,"native",Data!$J:$J,RIGHT(I$3,4)&"-"&LEFT(I$3,2),Data!$F:$F,"Number of Money Transfer Transactions",Data!$H:$H,"Bank to mPSP",Data!$I:$I,"") -> 13100000 | J20: =SUMIFS(Data!$L:$L,Data!$B:$B,"interoperability",Data!$K:$K,"native",Data!$J:$J,RIGHT(J$3,4)&"-"&LEFT(J$3,2),Data!$F:$F,"Number of Money Transfer Transactions",Data!$H:$H,"Bank to mPSP",Data!$I:$I,"") -> 15600000
A21: Direction | B21: Bank to mPSP (%) | C21: =C$20/(C$20+C$18) -> 0.54736842 | D21: =D$20/(D$20+D$18) -> 0.55172414 | E21: =E$20/(E$20+E$18) -> 0.56617647 | F21: =F$20/(F$20+F$18) -> 0.56969697 | G21: =G$20/(G$20+G$18) -> 0.578125 | H21: =H$20/(H$20+H$18) -> 0.58937198 | I21: =I$20/(I$20+I$18) -> 0.59545455 | J21: =J$20/(J$20+J$18) -> 0.59770115
A22: BY DIRECTION (PSP<->Bank) - Value, JOD
A23: Direction (JOD) | B23: mPSP to Bank (JOD) | C23: =SUMIFS(Data!$L:$L,Data!$B:$B,"interoperability",Data!$K:$K,"native",Data!$J:$J,RIGHT(C$3,4)&"-"&LEFT(C$3,2),Data!$F:$F,"Value of Money Transfer Transactions",Data!$H:$H,"mPSP to Bank",Data!$I:$I,"") -> 615000000 | D23: =SUMIFS(Data!$L:$L,Data!$B:$B,"interoperability",Data!$K:$K,"native",Data!$J:$J,RIGHT(D$3,4)&"-"&LEFT(D$3,2),Data!$F:$F,"Value of Money Transfer Transactions",Data!$H:$H,"mPSP to Bank",Data!$I:$I,"") -> 661000000 | E23: =SUMIFS(Data!$L:$L,Data!$B:$B,"interoperability",Data!$K:$K,"native",Data!$J:$J,RIGHT(E$3,4)&"-"&LEFT(E$3,2),Data!$F:$F,"Value of Money Transfer Transactions",Data!$H:$H,"mPSP to Bank",Data!$I:$I,"") -> 698000000 | F23: =SUMIFS(Data!$L:$L,Data!$B:$B,"interoperability",Data!$K:$K,"native",Data!$J:$J,RIGHT(F$3,4)&"-"&LEFT(F$3,2),Data!$F:$F,"Value of Money Transfer Transactions",Data!$H:$H,"mPSP to Bank",Data!$I:$I,"") -> 758000000 | G23: =SUMIFS(Data!$L:$L,Data!$B:$B,"interoperability",Data!$K:$K,"native",Data!$J:$J,RIGHT(G$3,4)&"-"&LEFT(G$3,2),Data!$F:$F,"Value of Money Transfer Transactions",Data!$H:$H,"mPSP to Bank",Data!$I:$I,"") -> 805000000 | H23: =SUMIFS(Data!$L:$L,Data!$B:$B,"interoperability",Data!$K:$K,"native",Data!$J:$J,RIGHT(H$3,4)&"-"&LEFT(H$3,2),Data!$F:$F,"Value of Money Transfer Transactions",Data!$H:$H,"mPSP to Bank",Data!$I:$I,"") -> 712000000 | I23: =SUMIFS(Data!$L:$L,Data!$B:$B,"interoperability",Data!$K:$K,"native",Data!$J:$J,RIGHT(I$3,4)&"-"&LEFT(I$3,2),Data!$F:$F,"Value of Money Transfer Transactions",Data!$H:$H,"mPSP to Bank",Data!$I:$I,"") -> 721000000 | J23: =SUMIFS(Data!$L:$L,Data!$B:$B,"interoperability",Data!$K:$K,"native",Data!$J:$J,RIGHT(J$3,4)&"-"&LEFT(J$3,2),Data!$F:$F,"Value of Money Transfer Transactions",Data!$H:$H,"mPSP to Bank",Data!$I:$I,"") -> 794000000
A24: Direction (JOD) | B24: mPSP to Bank (%) | C24: =C$23/(C$23+C$25) -> 0.60531496 | D24: =D$23/(D$23+D$25) -> 0.61034164 | E24: =E$23/(E$23+E$25) -> 0.59353741 | F24: =F$23/(F$23+F$25) -> 0.58578053 | G24: =G$23/(G$23+G$25) -> 0.57664756 | H24: =H$23/(H$23+H$25) -> 0.55108359 | I24: =I$23/(I$23+I$25) -> 0.54374057 | J24: =J$23/(J$23+J$25) -> 0.54272044
A25: Direction (JOD) | B25: Bank to mPSP (JOD) | C25: =SUMIFS(Data!$L:$L,Data!$B:$B,"interoperability",Data!$K:$K,"native",Data!$J:$J,RIGHT(C$3,4)&"-"&LEFT(C$3,2),Data!$F:$F,"Value of Money Transfer Transactions",Data!$H:$H,"Bank to mPSP",Data!$I:$I,"") -> 401000000 | D25: =SUMIFS(Data!$L:$L,Data!$B:$B,"interoperability",Data!$K:$K,"native",Data!$J:$J,RIGHT(D$3,4)&"-"&LEFT(D$3,2),Data!$F:$F,"Value of Money Transfer Transactions",Data!$H:$H,"Bank to mPSP",Data!$I:$I,"") -> 422000000 | E25: =SUMIFS(Data!$L:$L,Data!$B:$B,"interoperability",Data!$K:$K,"native",Data!$J:$J,RIGHT(E$3,4)&"-"&LEFT(E$3,2),Data!$F:$F,"Value of Money Transfer Transactions",Data!$H:$H,"Bank to mPSP",Data!$I:$I,"") -> 478000000 | F25: =SUMIFS(Data!$L:$L,Data!$B:$B,"interoperability",Data!$K:$K,"native",Data!$J:$J,RIGHT(F$3,4)&"-"&LEFT(F$3,2),Data!$F:$F,"Value of Money Transfer Transactions",Data!$H:$H,"Bank to mPSP",Data!$I:$I,"") -> 536000000 | G25: =SUMIFS(Data!$L:$L,Data!$B:$B,"interoperability",Data!$K:$K,"native",Data!$J:$J,RIGHT(G$3,4)&"-"&LEFT(G$3,2),Data!$F:$F,"Value of Money Transfer Transactions",Data!$H:$H,"Bank to mPSP",Data!$I:$I,"") -> 591000000 | H25: =SUMIFS(Data!$L:$L,Data!$B:$B,"interoperability",Data!$K:$K,"native",Data!$J:$J,RIGHT(H$3,4)&"-"&LEFT(H$3,2),Data!$F:$F,"Value of Money Transfer Transactions",Data!$H:$H,"Bank to mPSP",Data!$I:$I,"") -> 580000000 | I25: =SUMIFS(Data!$L:$L,Data!$B:$B,"interoperability",Data!$K:$K,"native",Data!$J:$J,RIGHT(I$3,4)&"-"&LEFT(I$3,2),Data!$F:$F,"Value of Money Transfer Transactions",Data!$H:$H,"Bank to mPSP",Data!$I:$I,"") -> 605000000 | J25: =SUMIFS(Data!$L:$L,Data!$B:$B,"interoperability",Data!$K:$K,"native",Data!$J:$J,RIGHT(J$3,4)&"-"&LEFT(J$3,2),Data!$F:$F,"Value of Money Transfer Transactions",Data!$H:$H,"Bank to mPSP",Data!$I:$I,"") -> 669000000
A26: Direction (JOD) | B26: Bank to mPSP (%) | C26: =C$25/(C$25+C$23) -> 0.39468504 | D26: =D$25/(D$25+D$23) -> 0.38965836 | E26: =E$25/(E$25+E$23) -> 0.40646259 | F26: =F$25/(F$25+F$23) -> 0.41421947 | G26: =G$25/(G$25+G$23) -> 0.42335244 | H26: =H$25/(H$25+H$23) -> 0.44891641 | I26: =I$25/(I$25+I$23) -> 0.45625943 | J26: =J$25/(J$25+J$23) -> 0.45727956

Sheet CliQ
A1: CliQ (Instant Payments) - Quarterly Data (Q3 2024 - Q2 2026)
A3: Category | B3: Metric | C3: Q3 2024 | D3: Q4 2024 | E3: Q1 2025 | F3: Q2 2025 | G3: Q3 2025 | H3: Q4 2025 | I3: Q1 2026 | J3: Q2 2026
A4: USERS
A5: Users | B5: Total Registered Users | C5: =SUMIFS(Data!$L:$L,Data!$B:$B,"cliq",Data!$K:$K,"native",Data!$J:$J,RIGHT(C$3,4)&"-"&LEFT(C$3,2),Data!$F:$F,"Number of Users",Data!$H:$H,"",Data!$I:$I,"") -> 1560000 | D5: =SUMIFS(Data!$L:$L,Data!$B:$B,"cliq",Data!$K:$K,"native",Data!$J:$J,RIGHT(D$3,4)&"-"&LEFT(D$3,2),Data!$F:$F,"Number of Users",Data!$H:$H,"",Data!$I:$I,"") -> 1670000 | E5: =SUMIFS(Data!$L:$L,Data!$B:$B,"cliq",Data!$K:$K,"native",Data!$J:$J,RIGHT(E$3,4)&"-"&LEFT(E$3,2),Data!$F:$F,"Number of Users",Data!$H:$H,"",Data!$I:$I,"") -> 1780000 | F5: =SUMIFS(Data!$L:$L,Data!$B:$B,"cliq",Data!$K:$K,"native",Data!$J:$J,RIGHT(F$3,4)&"-"&LEFT(F$3,2),Data!$F:$F,"Number of Users",Data!$H:$H,"",Data!$I:$I,"") -> 1880000 | G5: =SUMIFS(Data!$L:$L,Data!$B:$B,"cliq",Data!$K:$K,"native",Data!$J:$J,RIGHT(G$3,4)&"-"&LEFT(G$3,2),Data!$F:$F,"Number of Users",Data!$H:$H,"",Data!$I:$I,"") -> 2000000 | H5: =SUMIFS(Data!$L:$L,Data!$B:$B,"cliq",Data!$K:$K,"native",Data!$J:$J,RIGHT(H$3,4)&"-"&LEFT(H$3,2),Data!$F:$F,"Number of Users",Data!$H:$H,"",Data!$I:$I,"") -> 2130000 | I5: =SUMIFS(Data!$L:$L,Data!$B:$B,"cliq",Data!$K:$K,"native",Data!$J:$J,RIGHT(I$3,4)&"-"&LEFT(I$3,2),Data!$F:$F,"Number of Users",Data!$H:$H,"",Data!$I:$I,"") -> 2220000 | J5: =SUMIFS(Data!$L:$L,Data!$B:$B,"cliq",Data!$K:$K,"native",Data!$J:$J,RIGHT(J$3,4)&"-"&LEFT(J$3,2),Data!$F:$F,"Number of Users",Data!$H:$H,"",Data!$I:$I,"") -> 2310000
A6: USERS BY NATIONALITY
A7: Nationality | B7: Jordanian (count) | C7: =SUMIFS(Data!$L:$L,Data!$B:$B,"cliq",Data!$K:$K,"native",Data!$J:$J,RIGHT(C$3,4)&"-"&LEFT(C$3,2),Data!$F:$F,"Number of Users",Data!$H:$H,"Jordanian",Data!$I:$I,"") -> 1500000 | D7: =SUMIFS(Data!$L:$L,Data!$B:$B,"cliq",Data!$K:$K,"native",Data!$J:$J,RIGHT(D$3,4)&"-"&LEFT(D$3,2),Data!$F:$F,"Number of Users",Data!$H:$H,"Jordanian",Data!$I:$I,"") -> 1610000 | E7: =SUMIFS(Data!$L:$L,Data!$B:$B,"cliq",Data!$K:$K,"native",Data!$J:$J,RIGHT(E$3,4)&"-"&LEFT(E$3,2),Data!$F:$F,"Number of Users",Data!$H:$H,"Jordanian",Data!$I:$I,"") -> 1710000 | F7: =SUMIFS(Data!$L:$L,Data!$B:$B,"cliq",Data!$K:$K,"native",Data!$J:$J,RIGHT(F$3,4)&"-"&LEFT(F$3,2),Data!$F:$F,"Number of Users",Data!$H:$H,"Jordanian",Data!$I:$I,"") -> 1810000 | G7: =SUMIFS(Data!$L:$L,Data!$B:$B,"cliq",Data!$K:$K,"native",Data!$J:$J,RIGHT(G$3,4)&"-"&LEFT(G$3,2),Data!$F:$F,"Number of Users",Data!$H:$H,"Jordanian",Data!$I:$I,"") -> 1930000 | H7: =SUMIFS(Data!$L:$L,Data!$B:$B,"cliq",Data!$K:$K,"native",Data!$J:$J,RIGHT(H$3,4)&"-"&LEFT(H$3,2),Data!$F:$F,"Number of Users",Data!$H:$H,"Jordanian",Data!$I:$I,"") -> 2040000 | I7: =SUMIFS(Data!$L:$L,Data!$B:$B,"cliq",Data!$K:$K,"native",Data!$J:$J,RIGHT(I$3,4)&"-"&LEFT(I$3,2),Data!$F:$F,"Number of Users",Data!$H:$H,"Jordanian",Data!$I:$I,"") -> 2130000 | J7: =SUMIFS(Data!$L:$L,Data!$B:$B,"cliq",Data!$K:$K,"native",Data!$J:$J,RIGHT(J$3,4)&"-"&LEFT(J$3,2),Data!$F:$F,"Number of Users",Data!$H:$H,"Jordanian",Data!$I:$I,"") -> 2220000
A8: Nationality | B8: Jordanian (% of users) | C8: =C$7/(C$7+C$9) -> 0.96463023 | D8: =D$7/(D$7+D$9) -> 0.96349491 | E8: =E$7/(E$7+E$9) -> 0.962296 | F8: =F$7/(F$7+F$9) -> 0.96184504 | G8: =G$7/(G$7+G$9) -> 0.96115538 | H8: =H$7/(H$7+H$9) -> 0.96045198 | I8: =I$7/(I$7+I$9) -> 0.95980534 | J8: =J$7/(J$7+J$9) -> 0.95917045
A9: Nationality | B9: Non-Jordanian (count) | C9: =SUMIFS(Data!$L:$L,Data!$B:$B,"cliq",Data!$K:$K,"native",Data!$J:$J,RIGHT(C$3,4)&"-"&LEFT(C$3,2),Data!$F:$F,"Number of Users",Data!$H:$H,"Non-Jordanian",Data!$I:$I,"") -> 55000 | D9: =SUMIFS(Data!$L:$L,Data!$B:$B,"cliq",Data!$K:$K,"native",Data!$J:$J,RIGHT(D$3,4)&"-"&LEFT(D$3,2),Data!$F:$F,"Number of Users",Data!$H:$H,"Non-Jordanian",Data!$I:$I,"") -> 61000 | E9: =SUMIFS(Data!$L:$L,Data!$B:$B,"cliq",Data!$K:$K,"native",Data!$J:$J,RIGHT(E$3,4)&"-"&LEFT(E$3,2),Data!$F:$F,"Number of Users",Data!$H:$H,"Non-Jordanian",Data!$I:$I,"") -> 67000 | F9: =SUMIFS(Data!$L:$L,Data!$B:$B,"cliq",Data!$K:$K,"native",Data!$J:$J,RIGHT(F$3,4)&"-"&LEFT(F$3,2),Data!$F:$F,"Number of Users",Data!$H:$H,"Non-Jordanian",Data!$I:$I,"") -> 71800 | G9: =SUMIFS(Data!$L:$L,Data!$B:$B,"cliq",Data!$K:$K,"native",Data!$J:$J,RIGHT(G$3,4)&"-"&LEFT(G$3,2),Data!$F:$F,"Number of Users",Data!$H:$H,"Non-Jordanian",Data!$I:$I,"") -> 78000 | H9: =SUMIFS(Data!$L:$L,Data!$B:$B,"cliq",Data!$K:$K,"native",Data!$J:$J,RIGHT(H$3,4)&"-"&LEFT(H$3,2),Data!$F:$F,"Number of Users",Data!$H:$H,"Non-Jordanian",Data!$I:$I,"") -> 84000 | I9: =SUMIFS(Data!$L:$L,Data!$B:$B,"cliq",Data!$K:$K,"native",Data!$J:$J,RIGHT(I$3,4)&"-"&LEFT(I$3,2),Data!$F:$F,"Number of Users",Data!$H:$H,"Non-Jordanian",Data!$I:$I,"") -> 89200 | J9: =SUMIFS(Data!$L:$L,Data!$B:$B,"cliq",Data!$K:$K,"native",Data!$J:$J,RIGHT(J$3,4)&"-"&LEFT(J$3,2),Data!$F:$F,"Number of Users",Data!$H:$H,"Non-Jordanian",Data!$I:$I,"") -> 94500
A10: Nationality | B10: Non-Jordanian (% of users) | C10: =C$9/(C$9+C$7) -> 0.035369775 | D10: =D$9/(D$9+D$7) -> 0.036505087 | E10: =E$9/(E$9+E$7) -> 0.037703995 | F10: =F$9/(F$9+F$7) -> 0.038154958 | G10: =G$9/(G$9+G$7) -> 0.038844622 | H10: =H$9/(H$9+H$7) -> 0.039548023 | I10: =I$9/(I$9+I$7) -> 0.040194665 | J10: =J$9/(J$9+J$7) -> 0.040829553
A11: USERS BY GENDER
A12: Gender | B12: Male (count) | C12: =SUMIFS(Data!$L:$L,Data!$B:$B,"cliq",Data!$K:$K,"native",Data!$J:$J,RIGHT(C$3,4)&"-"&LEFT(C$3,2),Data!$F:$F,"Number of Users",Data!$H:$H,"Male",Data!$I:$I,"") -> 973400 | D12: =SUMIFS(Data!$L:$L,Data!$B:$B,"cliq",Data!$K:$K,"native",Data!$J:$J,RIGHT(D$3,4)&"-"&LEFT(D$3,2),Data!$F:$F,"Number of Users",Data!$H:$H,"Male",Data!$I:$I,"") -> 1040000 | E12: =SUMIFS(Data!$L:$L,Data!$B:$B,"cliq",Data!$K:$K,"native",Data!$J:$J,RIGHT(E$3,4)&"-"&LEFT(E$3,2),Data!$F:$F,"Number of Users",Data!$H:$H,"Male",Data!$I:$I,"") -> 1110000 | F12: =SUMIFS(Data!$L:$L,Data!$B:$B,"cliq",Data!$K:$K,"native",Data!$J:$J,RIGHT(F$3,4)&"-"&LEFT(F$3,2),Data!$F:$F,"Number of Users",Data!$H:$H,"Male",Data!$I:$I,"") -> 1160000 | G12: =SUMIFS(Data!$L:$L,Data!$B:$B,"cliq",Data!$K:$K,"native",Data!$J:$J,RIGHT(G$3,4)&"-"&LEFT(G$3,2),Data!$F:$F,"Number of Users",Data!$H:$H,"Male",Data!$I:$I,"") -> 1240000 | H12: =SUMIFS(Data!$L:$L,Data!$B:$B,"cliq",Data!$K:$K,"native",Data!$J:$J,RIGHT(H$3,4)&"-"&LEFT(H$3,2),Data!$F:$F,"Number of Users",Data!$H:$H,"Male",Data!$I:$I,"") -> 1300000 | I12: =SUMIFS(Data!$L:$L,Data!$B:$B,"cliq",Data!$K:$K,"native",Data!$J:$J,RIGHT(I$3,4)&"-"&LEFT(I$3,2),Data!$F:$F,"Number of Users",Data!$H:$H,"Male",Data!$I:$I,"") -> 1350000 | J12: =SUMIFS(Data!$L:$L,Data!$B:$B,"cliq",Data!$K:$K,"native",Data!$J:$J,RIGHT(J$3,4)&"-"&LEFT(J$3,2),Data!$F:$F,"Number of Users",Data!$H:$H,"Male",Data!$I:$I,"") -> 1400000
A13: Gender | B13: Male (%) | C13: =C$12/(C$12+C$14) -> 0.64263551 | D13: =D$12/(D$12+D$14) -> 0.64074918 | E13: =E$12/(E$12+E$14) -> 0.64043388 | F13: =F$12/(F$12+F$14) -> 0.63694268 | G13: =G$12/(G$12+G$14) -> 0.63609316 | H13: =H$12/(H$12+H$14) -> 0.62996705 | I13: =I$12/(I$12+I$14) -> 0.62685736 | J13: =J$12/(J$12+J$14) -> 0.62474898
A14: Gender | B14: Female (count) | C14: =SUMIFS(Data!$L:$L,Data!$B:$B,"cliq",Data!$K:$K,"native",Data!$J:$J,RIGHT(C$3,4)&"-"&LEFT(C$3,2),Data!$F:$F,"Number of Users",Data!$H:$H,"Female",Data!$I:$I,"") -> 541300 | D14: =SUMIFS(Data!$L:$L,Data!$B:$B,"cliq",Data!$K:$K,"native",Data!$J:$J,RIGHT(D$3,4)&"-"&LEFT(D$3,2),Data!$F:$F,"Number of Users",Data!$H:$H,"Female",Data!$I:$I,"") -> 583100 | E14: =SUMIFS(Data!$L:$L,Data!$B:$B,"cliq",Data!$K:$K,"native",Data!$J:$J,RIGHT(E$3,4)&"-"&LEFT(E$3,2),Data!$F:$F,"Number of Users",Data!$H:$H,"Female",Data!$I:$I,"") -> 623200 | F14: =SUMIFS(Data!$L:$L,Data!$B:$B,"cliq",Data!$K:$K,"native",Data!$J:$J,RIGHT(F$3,4)&"-"&LEFT(F$3,2),Data!$F:$F,"Number of Users",Data!$H:$H,"Female",Data!$I:$I,"") -> 661200 | G14: =SUMIFS(Data!$L:$L,Data!$B:$B,"cliq",Data!$K:$K,"native",Data!$J:$J,RIGHT(G$3,4)&"-"&LEFT(G$3,2),Data!$F:$F,"Number of Users",Data!$H:$H,"Female",Data!$I:$I,"") -> 709400 | H14: =SUMIFS(Data!$L:$L,Data!$B:$B,"cliq",Data!$K:$K,"native",Data!$J:$J,RIGHT(H$3,4)&"-"&LEFT(H$3,2),Data!$F:$F,"Number of Users",Data!$H:$H,"Female",Data!$I:$I,"") -> 763600 | I14: =SUMIFS(Data!$L:$L,Data!$B:$B,"cliq",Data!$K:$K,"native",Data!$J:$J,RIGHT(I$3,4)&"-"&LEFT(I$3,2),Data!$F:$F,"Number of Users",Data!$H:$H,"Female",Data!$I:$I,"") -> 803600 | J14: =SUMIFS(Data!$L:$L,Data!$B:$B,"cliq",Data!$K:$K,"native",Data!$J:$J,RIGHT(J$3,4)&"-"&LEFT(J$3,2),Data!$F:$F,"Number of Users",Data!$H:$H,"Female",Data!$I:$I,"") -> 840900
A15: Gender | B15: Female (%) | C15: =C$14/(C$14+C$12) -> 0.35736449 | D15: =D$14/(D$14+D$12) -> 0.35925082 | E15: =E$14/(E$14+E$12) -> 0.35956612 | F15: =F$14/(F$14+F$12) -> 0.36305732 | G15: =G$14/(G$14+G$12) -> 0.36390684 | H15: =H$14/(H$14+H$12) -> 0.37003295 | I15: =I$14/(I$14+I$12) -> 0.37314264 | J15: =J$14/(J$14+J$12) -> 0.37525102
A16: USERS BY AGE BRACKET (count)
A17: Age | B17: <18 | C17: =SUMIFS(Data!$L:$L,Data!$B:$B,"cliq",Data!$K:$K,"native",Data!$J:$J,RIGHT(C$3,4)&"-"&LEFT(C$3,2),Data!$F:$F,"Number of Users",Data!$H:$H,"=<18",Data!$I:$I,"") -> 5800 | D17: =SUMIFS(Data!$L:$L,Data!$B:$B,"cliq",Data!$K:$K,"native",Data!$J:$J,RIGHT(D$3,4)&"-"&LEFT(D$3,2),Data!$F:$F,"Number of Users",Data!$H:$H,"=<18",Data!$I:$I,"") -> 6200 | E17: =SUMIFS(Data!$L:$L,Data!$B:$B,"cliq",Data!$K:$K,"native",Data!$J:$J,RIGHT(E$3,4)&"-"&LEFT(E$3,2),Data!$F:$F,"Number of Users",Data!$H:$H,"=<18",Data!$I:$I,"") -> 6700 | F17: =SUMIFS(Data!$L:$L,Data!$B:$B,"cliq",Data!$K:$K,"native",Data!$J:$J,RIGHT(F$3,4)&"-"&LEFT(F$3,2),Data!$F:$F,"Number of Users",Data!$H:$H,"=<18",Data!$I:$I,"") -> 8600 | G17: =SUMIFS(Data!$L:$L,Data!$B:$B,"cliq",Data!$K:$K,"native",Data!$J:$J,RIGHT(G$3,4)&"-"&LEFT(G$3,2),Data!$F:$F,"Number of Users",Data!$H:$H,"=<18",Data!$I:$I,"") -> 9200 | H17: =SUMIFS(Data!$L:$L,Data!$B:$B,"cliq",Data!$K:$K,"native",Data!$J:$J,RIGHT(H$3,4)&"-"&LEFT(H$3,2),Data!$F:$F,"Number of Users",Data!$H:$H,"=<18",Data!$I:$I,"") -> 9700 | I17: =SUMIFS(Data!$L:$L,Data!$B:$B,"cliq",Data!$K:$K,"native",Data!$J:$J,RIGHT(I$3,4)&"-"&LEFT(I$3,2),Data!$F:$F,"Number of Users",Data!$H:$H,"=<18",Data!$I:$I,"") -> 10400 | J17: =SUMIFS(Data!$L:$L,Data!$B:$B,"cliq",Data!$K:$K,"native",Data!$J:$J,RIGHT(J$3,4)&"-"&LEFT(J$3,2),Data!$F:$F,"Number of Users",Data!$H:$H,"=<18",Data!$I:$I,"") -> 11200
A18: Age | B18: 18-30 | C18: =SUMIFS(Data!$L:$L,Data!$B:$B,"cliq",Data!$K:$K,"native",Data!$J:$J,RIGHT(C$3,4)&"-"&LEFT(C$3,2),Data!$F:$F,"Number of Users",Data!$H:$H,"18-30",Data!$I:$I,"") -> 591000 | D18: =SUMIFS(Data!$L:$L,Data!$B:$B,"cliq",Data!$K:$K,"native",Data!$J:$J,RIGHT(D$3,4)&"-"&LEFT(D$3,2),Data!$F:$F,"Number of Users",Data!$H:$H,"18-30",Data!$I:$I,"") -> 626000 | E18: =SUMIFS(Data!$L:$L,Data!$B:$B,"cliq",Data!$K:$K,"native",Data!$J:$J,RIGHT(E$3,4)&"-"&LEFT(E$3,2),Data!$F:$F,"Number of Users",Data!$H:$H,"18-30",Data!$I:$I,"") -> 657000 | F18: =SUMIFS(Data!$L:$L,Data!$B:$B,"cliq",Data!$K:$K,"native",Data!$J:$J,RIGHT(F$3,4)&"-"&LEFT(F$3,2),Data!$F:$F,"Number of Users",Data!$H:$H,"18-30",Data!$I:$I,"") -> 684600 | G18: =SUMIFS(Data!$L:$L,Data!$B:$B,"cliq",Data!$K:$K,"native",Data!$J:$J,RIGHT(G$3,4)&"-"&LEFT(G$3,2),Data!$F:$F,"Number of Users",Data!$H:$H,"18-30",Data!$I:$I,"") -> 729700 | H18: =SUMIFS(Data!$L:$L,Data!$B:$B,"cliq",Data!$K:$K,"native",Data!$J:$J,RIGHT(H$3,4)&"-"&LEFT(H$3,2),Data!$F:$F,"Number of Users",Data!$H:$H,"18-30",Data!$I:$I,"") -> 775500 | I18: =SUMIFS(Data!$L:$L,Data!$B:$B,"cliq",Data!$K:$K,"native",Data!$J:$J,RIGHT(I$3,4)&"-"&LEFT(I$3,2),Data!$F:$F,"Number of Users",Data!$H:$H,"18-30",Data!$I:$I,"") -> 795100 | J18: =SUMIFS(Data!$L:$L,Data!$B:$B,"cliq",Data!$K:$K,"native",Data!$J:$J,RIGHT(J$3,4)&"-"&LEFT(J$3,2),Data!$F:$F,"Number of Users",Data!$H:$H,"18-30",Data!$I:$I,"") -> 816500
A19: Age | B19: 31-40 | C19: =SUMIFS(Data!$L:$L,Data!$B:$B,"cliq",Data!$K:$K,"native",Data!$J:$J,RIGHT(C$3,4)&"-"&LEFT(C$3,2),Data!$F:$F,"Number of Users",Data!$H:$H,"31-40",Data!$I:$I,"") -> 409200 | D19: =SUMIFS(Data!$L:$L,Data!$B:$B,"cliq",Data!$K:$K,"native",Data!$J:$J,RIGHT(D$3,4)&"-"&LEFT(D$3,2),Data!$F:$F,"Number of Users",Data!$H:$H,"31-40",Data!$I:$I,"") -> 437900 | E19: =SUMIFS(Data!$L:$L,Data!$B:$B,"cliq",Data!$K:$K,"native",Data!$J:$J,RIGHT(E$3,4)&"-"&LEFT(E$3,2),Data!$F:$F,"Number of Users",Data!$H:$H,"31-40",Data!$I:$I,"") -> 465900 | F19: =SUMIFS(Data!$L:$L,Data!$B:$B,"cliq",Data!$K:$K,"native",Data!$J:$J,RIGHT(F$3,4)&"-"&LEFT(F$3,2),Data!$F:$F,"Number of Users",Data!$H:$H,"31-40",Data!$I:$I,"") -> 490000 | G19: =SUMIFS(Data!$L:$L,Data!$B:$B,"cliq",Data!$K:$K,"native",Data!$J:$J,RIGHT(G$3,4)&"-"&LEFT(G$3,2),Data!$F:$F,"Number of Users",Data!$H:$H,"31-40",Data!$I:$I,"") -> 516000 | H19: =SUMIFS(Data!$L:$L,Data!$B:$B,"cliq",Data!$K:$K,"native",Data!$J:$J,RIGHT(H$3,4)&"-"&LEFT(H$3,2),Data!$F:$F,"Number of Users",Data!$H:$H,"31-40",Data!$I:$I,"") -> 542000 | I19: =SUMIFS(Data!$L:$L,Data!$B:$B,"cliq",Data!$K:$K,"native",Data!$J:$J,RIGHT(I$3,4)&"-"&LEFT(I$3,2),Data!$F:$F,"Number of Users",Data!$H:$H,"31-40",Data!$I:$I,"") -> 567000 | J19: =SUMIFS(Data!$L:$L,Data!$B:$B,"cliq",Data!$K:$K,"native",Data!$J:$J,RIGHT(J$3,4)&"-"&LEFT(J$3,2),Data!$F:$F,"Number of Users",Data!$H:$H,"31-40",Data!$I:$I,"") -> 589000
A20: Age | B20: 41-50 | C20: =SUMIFS(Data!$L:$L,Data!$B:$B,"cliq",Data!$K:$K,"native",Data!$J:$J,RIGHT(C$3,4)&"-"&LEFT(C$3,2),Data!$F:$F,"Number of Users",Data!$H:$H,"41-50",Data!$I:$I,"") -> 267100 | D20: =SUMIFS(Data!$L:$L,Data!$B:$B,"cliq",Data!$K:$K,"native",Data!$J:$J,RIGHT(D$3,4)&"-"&LEFT(D$3,2),Data!$F:$F,"Number of Users",Data!$H:$H,"41-50",Data!$I:$I,"") -> 289300 | E20: =SUMIFS(Data!$L:$L,Data!$B:$B,"cliq",Data!$K:$K,"native",Data!$J:$J,RIGHT(E$3,4)&"-"&LEFT(E$3,2),Data!$F:$F,"Number of Users",Data!$H:$H,"41-50",Data!$I:$I,"") -> 311700 | F20: =SUMIFS(Data!$L:$L,Data!$B:$B,"cliq",Data!$K:$K,"native",Data!$J:$J,RIGHT(F$3,4)&"-"&LEFT(F$3,2),Data!$F:$F,"Number of Users",Data!$H:$H,"41-50",Data!$I:$I,"") -> 331600 | G20: =SUMIFS(Data!$L:$L,Data!$B:$B,"cliq",Data!$K:$K,"native",Data!$J:$J,RIGHT(G$3,4)&"-"&LEFT(G$3,2),Data!$F:$F,"Number of Users",Data!$H:$H,"41-50",Data!$I:$I,"") -> 354300 | H20: =SUMIFS(Data!$L:$L,Data!$B:$B,"cliq",Data!$K:$K,"native",Data!$J:$J,RIGHT(H$3,4)&"-"&LEFT(H$3,2),Data!$F:$F,"Number of Users",Data!$H:$H,"41-50",Data!$I:$I,"") -> 375400 | I20: =SUMIFS(Data!$L:$L,Data!$B:$B,"cliq",Data!$K:$K,"native",Data!$J:$J,RIGHT(I$3,4)&"-"&LEFT(I$3,2),Data!$F:$F,"Number of Users",Data!$H:$H,"41-50",Data!$I:$I,"") -> 397000 | J20: =SUMIFS(Data!$L:$L,Data!$B:$B,"cliq",Data!$K:$K,"native",Data!$J:$J,RIGHT(J$3,4)&"-"&LEFT(J$3,2),Data!$F:$F,"Number of Users",Data!$H:$H,"41-50",Data!$I:$I,"") -> 415300
A21: Age | B21: 51-60 | C21: =SUMIFS(Data!$L:$L,Data!$B:$B,"cliq",Data!$K:$K,"native",Data!$J:$J,RIGHT(C$3,4)&"-"&LEFT(C$3,2),Data!$F:$F,"Number of Users",Data!$H:$H,"51-60",Data!$I:$I,"") -> 162500 | D21: =SUMIFS(Data!$L:$L,Data!$B:$B,"cliq",Data!$K:$K,"native",Data!$J:$J,RIGHT(D$3,4)&"-"&LEFT(D$3,2),Data!$F:$F,"Number of Users",Data!$H:$H,"51-60",Data!$I:$I,"") -> 176600 | E21: =SUMIFS(Data!$L:$L,Data!$B:$B,"cliq",Data!$K:$K,"native",Data!$J:$J,RIGHT(E$3,4)&"-"&LEFT(E$3,2),Data!$F:$F,"Number of Users",Data!$H:$H,"51-60",Data!$I:$I,"") -> 190700 | F21: =SUMIFS(Data!$L:$L,Data!$B:$B,"cliq",Data!$K:$K,"native",Data!$J:$J,RIGHT(F$3,4)&"-"&LEFT(F$3,2),Data!$F:$F,"Number of Users",Data!$H:$H,"51-60",Data!$I:$I,"") -> 203500 | G21: =SUMIFS(Data!$L:$L,Data!$B:$B,"cliq",Data!$K:$K,"native",Data!$J:$J,RIGHT(G$3,4)&"-"&LEFT(G$3,2),Data!$F:$F,"Number of Users",Data!$H:$H,"51-60",Data!$I:$I,"") -> 218100 | H21: =SUMIFS(Data!$L:$L,Data!$B:$B,"cliq",Data!$K:$K,"native",Data!$J:$J,RIGHT(H$3,4)&"-"&LEFT(H$3,2),Data!$F:$F,"Number of Users",Data!$H:$H,"51-60",Data!$I:$I,"") -> 232200 | I21: =SUMIFS(Data!$L:$L,Data!$B:$B,"cliq",Data!$K:$K,"native",Data!$J:$J,RIGHT(I$3,4)&"-"&LEFT(I$3,2),Data!$F:$F,"Number of Users",Data!$H:$H,"51-60",Data!$I:$I,"") -> 246200 | J21: =SUMIFS(Data!$L:$L,Data!$B:$B,"cliq",Data!$K:$K,"native",Data!$J:$J,RIGHT(J$3,4)&"-"&LEFT(J$3,2),Data!$F:$F,"Number of Users",Data!$H:$H,"51-60",Data!$I:$I,"") -> 258400
A22: Age | B22: 61-70 | C22: =SUMIFS(Data!$L:$L,Data!$B:$B,"cliq",Data!$K:$K,"native",Data!$J:$J,RIGHT(C$3,4)&"-"&LEFT(C$3,2),Data!$F:$F,"Number of Users",Data!$H:$H,"61-70",Data!$I:$I,"") -> 71100 | D22: =SUMIFS(Data!$L:$L,Data!$B:$B,"cliq",Data!$K:$K,"native",Data!$J:$J,RIGHT(D$3,4)&"-"&LEFT(D$3,2),Data!$F:$F,"Number of Users",Data!$H:$H,"61-70",Data!$I:$I,"") -> 78100 | E22: =SUMIFS(Data!$L:$L,Data!$B:$B,"cliq",Data!$K:$K,"native",Data!$J:$J,RIGHT(E$3,4)&"-"&LEFT(E$3,2),Data!$F:$F,"Number of Users",Data!$H:$H,"61-70",Data!$I:$I,"") -> 85500 | F22: =SUMIFS(Data!$L:$L,Data!$B:$B,"cliq",Data!$K:$K,"native",Data!$J:$J,RIGHT(F$3,4)&"-"&LEFT(F$3,2),Data!$F:$F,"Number of Users",Data!$H:$H,"61-70",Data!$I:$I,"") -> 92500 | G22: =SUMIFS(Data!$L:$L,Data!$B:$B,"cliq",Data!$K:$K,"native",Data!$J:$J,RIGHT(G$3,4)&"-"&LEFT(G$3,2),Data!$F:$F,"Number of Users",Data!$H:$H,"61-70",Data!$I:$I,"") -> 99800 | H22: =SUMIFS(Data!$L:$L,Data!$B:$B,"cliq",Data!$K:$K,"native",Data!$J:$J,RIGHT(H$3,4)&"-"&LEFT(H$3,2),Data!$F:$F,"Number of Users",Data!$H:$H,"61-70",Data!$I:$I,"") -> 107100 | I22: =SUMIFS(Data!$L:$L,Data!$B:$B,"cliq",Data!$K:$K,"native",Data!$J:$J,RIGHT(I$3,4)&"-"&LEFT(I$3,2),Data!$F:$F,"Number of Users",Data!$H:$H,"61-70",Data!$I:$I,"") -> 115500 | J22: =SUMIFS(Data!$L:$L,Data!$B:$B,"cliq",Data!$K:$K,"native",Data!$J:$J,RIGHT(J$3,4)&"-"&LEFT(J$3,2),Data!$F:$F,"Number of Users",Data!$H:$H,"61-70",Data!$I:$I,"") -> 122800
A23: Age | B23: 71-80 | C23: =SUMIFS(Data!$L:$L,Data!$B:$B,"cliq",Data!$K:$K,"native",Data!$J:$J,RIGHT(C$3,4)&"-"&LEFT(C$3,2),Data!$F:$F,"Number of Users",Data!$H:$H,"71-80",Data!$I:$I,"") -> 18100 | D23: =SUMIFS(Data!$L:$L,Data!$B:$B,"cliq",Data!$K:$K,"native",Data!$J:$J,RIGHT(D$3,4)&"-"&LEFT(D$3,2),Data!$F:$F,"Number of Users",Data!$H:$H,"71-80",Data!$I:$I,"") -> 20100 | E23: =SUMIFS(Data!$L:$L,Data!$B:$B,"cliq",Data!$K:$K,"native",Data!$J:$J,RIGHT(E$3,4)&"-"&LEFT(E$3,2),Data!$F:$F,"Number of Users",Data!$H:$H,"71-80",Data!$I:$I,"") -> 22100 | F23: =SUMIFS(Data!$L:$L,Data!$B:$B,"cliq",Data!$K:$K,"native",Data!$J:$J,RIGHT(F$3,4)&"-"&LEFT(F$3,2),Data!$F:$F,"Number of Users",Data!$H:$H,"71-80",Data!$I:$I,"") -> 24200 | G23: =SUMIFS(Data!$L:$L,Data!$B:$B,"cliq",Data!$K:$K,"native",Data!$J:$J,RIGHT(G$3,4)&"-"&LEFT(G$3,2),Data!$F:$F,"Number of Users",Data!$H:$H,"71-80",Data!$I:$I,"") -> 26500 | H23: =SUMIFS(Data!$L:$L,Data!$B:$B,"cliq",Data!$K:$K,"native",Data!$J:$J,RIGHT(H$3,4)&"-"&LEFT(H$3,2),Data!$F:$F,"Number of Users",Data!$H:$H,"71-80",Data!$I:$I,"") -> 28800 | I23: =SUMIFS(Data!$L:$L,Data!$B:$B,"cliq",Data!$K:$K,"native",Data!$J:$J,RIGHT(I$3,4)&"-"&LEFT(I$3,2),Data!$F:$F,"Number of Users",Data!$H:$H,"71-80",Data!$I:$I,"") -> 31500 | J23: =SUMIFS(Data!$L:$L,Data!$B:$B,"cliq",Data!$K:$K,"native",Data!$J:$J,RIGHT(J$3,4)&"-"&LEFT(J$3,2),Data!$F:$F,"Number of Users",Data!$H:$H,"71-80",Data!$I:$I,"") -> 34000
A24: Age | B24: 81-90 | C24: =SUMIFS(Data!$L:$L,Data!$B:$B,"cliq",Data!$K:$K,"native",Data!$J:$J,RIGHT(C$3,4)&"-"&LEFT(C$3,2),Data!$F:$F,"Number of Users",Data!$H:$H,"81-90",Data!$I:$I,"") -> 3700 | D24: =SUMIFS(Data!$L:$L,Data!$B:$B,"cliq",Data!$K:$K,"native",Data!$J:$J,RIGHT(D$3,4)&"-"&LEFT(D$3,2),Data!$F:$F,"Number of Users",Data!$H:$H,"81-90",Data!$I:$I,"") -> 4000 | E24: =SUMIFS(Data!$L:$L,Data!$B:$B,"cliq",Data!$K:$K,"native",Data!$J:$J,RIGHT(E$3,4)&"-"&LEFT(E$3,2),Data!$F:$F,"Number of Users",Data!$H:$H,"81-90",Data!$I:$I,"") -> 4000 | F24: =SUMIFS(Data!$L:$L,Data!$B:$B,"cliq",Data!$K:$K,"native",Data!$J:$J,RIGHT(F$3,4)&"-"&LEFT(F$3,2),Data!$F:$F,"Number of Users",Data!$H:$H,"81-90",Data!$I:$I,"") -> 5500 | G24: =SUMIFS(Data!$L:$L,Data!$B:$B,"cliq",Data!$K:$K,"native",Data!$J:$J,RIGHT(G$3,4)&"-"&LEFT(G$3,2),Data!$F:$F,"Number of Users",Data!$H:$H,"81-90",Data!$I:$I,"") -> 6000 | H24: =SUMIFS(Data!$L:$L,Data!$B:$B,"cliq",Data!$K:$K,"native",Data!$J:$J,RIGHT(H$3,4)&"-"&LEFT(H$3,2),Data!$F:$F,"Number of Users",Data!$H:$H,"81-90",Data!$I:$I,"") -> 6400 | I24: =SUMIFS(Data!$L:$L,Data!$B:$B,"cliq",Data!$K:$K,"native",Data!$J:$J,RIGHT(I$3,4)&"-"&LEFT(I$3,2),Data!$F:$F,"Number of Users",Data!$H:$H,"81-90",Data!$I:$I,"") -> 7000 | J24: =SUMIFS(Data!$L:$L,Data!$B:$B,"cliq",Data!$K:$K,"native",Data!$J:$J,RIGHT(J$3,4)&"-"&LEFT(J$3,2),Data!$F:$F,"Number of Users",Data!$H:$H,"81-90",Data!$I:$I,"") -> 8400
A25: USERS BY TYPE
A26: User Type | B26: Individual (count) | C26: =SUMIFS(Data!$L:$L,Data!$B:$B,"cliq",Data!$K:$K,"native",Data!$J:$J,RIGHT(C$3,4)&"-"&LEFT(C$3,2),Data!$F:$F,"Number of Users",Data!$H:$H,"Individual",Data!$I:$I,"") -> 1530000 | D26: =SUMIFS(Data!$L:$L,Data!$B:$B,"cliq",Data!$K:$K,"native",Data!$J:$J,RIGHT(D$3,4)&"-"&LEFT(D$3,2),Data!$F:$F,"Number of Users",Data!$H:$H,"Individual",Data!$I:$I,"") -> 1640000 | E26: =SUMIFS(Data!$L:$L,Data!$B:$B,"cliq",Data!$K:$K,"native",Data!$J:$J,RIGHT(E$3,4)&"-"&LEFT(E$3,2),Data!$F:$F,"Number of Users",Data!$H:$H,"Individual",Data!$I:$I,"") -> 1740000 | F26: =SUMIFS(Data!$L:$L,Data!$B:$B,"cliq",Data!$K:$K,"native",Data!$J:$J,RIGHT(F$3,4)&"-"&LEFT(F$3,2),Data!$F:$F,"Number of Users",Data!$H:$H,"Individual",Data!$I:$I,"") -> 1840000 | G26: =SUMIFS(Data!$L:$L,Data!$B:$B,"cliq",Data!$K:$K,"native",Data!$J:$J,RIGHT(G$3,4)&"-"&LEFT(G$3,2),Data!$F:$F,"Number of Users",Data!$H:$H,"Individual",Data!$I:$I,"") -> 1950000 | H26: =SUMIFS(Data!$L:$L,Data!$B:$B,"cliq",Data!$K:$K,"native",Data!$J:$J,RIGHT(H$3,4)&"-"&LEFT(H$3,2),Data!$F:$F,"Number of Users",Data!$H:$H,"Individual",Data!$I:$I,"") -> 2080000 | I26: =SUMIFS(Data!$L:$L,Data!$B:$B,"cliq",Data!$K:$K,"native",Data!$J:$J,RIGHT(I$3,4)&"-"&LEFT(I$3,2),Data!$F:$F,"Number of Users",Data!$H:$H,"Individual",Data!$I:$I,"") -> 2170000 | J26: =SUMIFS(Data!$L:$L,Data!$B:$B,"cliq",Data!$K:$K,"native",Data!$J:$J,RIGHT(J$3,4)&"-"&LEFT(J$3,2),Data!$F:$F,"Number of Users",Data!$H:$H,"Individual",Data!$I:$I,"") -> 2260000
A27: User Type | B27: Individual (%) | C27: =C$26/(C$26+C$28) -> 0.98297462 | D27: =D$26/(D$26+D$28) -> 0.98180077 | E27: =E$26/(E$26+E$28) -> 0.98083427 | F27: =F$26/(F$26+F$28) -> 0.97997444 | G27: =G$26/(G$26+G$28) -> 0.97242308 | H27: =H$26/(H$26+H$28) -> 0.97730583 | I27: =I$26/(I$26+I$28) -> 0.97655371 | J27: =J$26/(J$26+J$28) -> 0.97582038
A28: User Type | B28: Legal / Entities (count) | C28: =SUMIFS(Data!$L:$L,Data!$B:$B,"cliq",Data!$K:$K,"native",Data!$J:$J,RIGHT(C$3,4)&"-"&LEFT(C$3,2),Data!$F:$F,"Number of Users",Data!$H:$H,"Legal (entities)",Data!$I:$I,"") -> 26500 | D28: =SUMIFS(Data!$L:$L,Data!$B:$B,"cliq",Data!$K:$K,"native",Data!$J:$J,RIGHT(D$3,4)&"-"&LEFT(D$3,2),Data!$F:$F,"Number of Users",Data!$H:$H,"Legal (entities)",Data!$I:$I,"") -> 30400 | E28: =SUMIFS(Data!$L:$L,Data!$B:$B,"cliq",Data!$K:$K,"native",Data!$J:$J,RIGHT(E$3,4)&"-"&LEFT(E$3,2),Data!$F:$F,"Number of Users",Data!$H:$H,"Legal (entities)",Data!$I:$I,"") -> 34000 | F28: =SUMIFS(Data!$L:$L,Data!$B:$B,"cliq",Data!$K:$K,"native",Data!$J:$J,RIGHT(F$3,4)&"-"&LEFT(F$3,2),Data!$F:$F,"Number of Users",Data!$H:$H,"Legal (entities)",Data!$I:$I,"") -> 37600 | G28: =SUMIFS(Data!$L:$L,Data!$B:$B,"cliq",Data!$K:$K,"native",Data!$J:$J,RIGHT(G$3,4)&"-"&LEFT(G$3,2),Data!$F:$F,"Number of Users",Data!$H:$H,"Legal (entities)",Data!$I:$I,"") -> 55300 | H28: =SUMIFS(Data!$L:$L,Data!$B:$B,"cliq",Data!$K:$K,"native",Data!$J:$J,RIGHT(H$3,4)&"-"&LEFT(H$3,2),Data!$F:$F,"Number of Users",Data!$H:$H,"Legal (entities)",Data!$I:$I,"") -> 48300 | I28: =SUMIFS(Data!$L:$L,Data!$B:$B,"cliq",Data!$K:$K,"native",Data!$J:$J,RIGHT(I$3,4)&"-"&LEFT(I$3,2),Data!$F:$F,"Number of Users",Data!$H:$H,"Legal (entities)",Data!$I:$I,"") -> 52100 | J28: =SUMIFS(Data!$L:$L,Data!$B:$B,"cliq",Data!$K:$K,"native",Data!$J:$J,RIGHT(J$3,4)&"-"&LEFT(J$3,2),Data!$F:$F,"Number of Users",Data!$H:$H,"Legal (entities)",Data!$I:$I,"") -> 56000
A29: User Type | B29: Legal / Entities (%) | C29: =C$28/(C$28+C$26) -> 0.017025377 | D29: =D$28/(D$28+D$26) -> 0.018199234 | E29: =E$28/(E$28+E$26) -> 0.019165727 | F29: =F$28/(F$28+F$26) -> 0.020025565 | G29: =G$28/(G$28+G$26) -> 0.027576921 | H29: =H$28/(H$28+H$26) -> 0.022694169 | I29: =I$28/(I$28+I$26) -> 0.02344629 | J29: =J$28/(J$28+J$26) -> 0.02417962
A30: TRANSACTIONS - OVERVIEW
A31: Transactions | B31: Total Number of Transactions | C31: =SUMIFS(Data!$L:$L,Data!$B:$B,"cliq",Data!$K:$K,"native",Data!$J:$J,RIGHT(C$3,4)&"-"&LEFT(C$3,2),Data!$F:$F,"Number of Transactions",Data!$H:$H,"",Data!$I:$I,"") -> 23210000 | D31: =SUMIFS(Data!$L:$L,Data!$B:$B,"cliq",Data!$K:$K,"native",Data!$J:$J,RIGHT(D$3,4)&"-"&LEFT(D$3,2),Data!$F:$F,"Number of Transactions",Data!$H:$H,"",Data!$I:$I,"") -> 27850000 | E31: =SUMIFS(Data!$L:$L,Data!$B:$B,"cliq",Data!$K:$K,"native",Data!$J:$J,RIGHT(E$3,4)&"-"&LEFT(E$3,2),Data!$F:$F,"Number of Transactions",Data!$H:$H,"",Data!$I:$I,"") -> 32330000 | F31: =SUMIFS(Data!$L:$L,Data!$B:$B,"cliq",Data!$K:$K,"native",Data!$J:$J,RIGHT(F$3,4)&"-"&LEFT(F$3,2),Data!$F:$F,"Number of Transactions",Data!$H:$H,"",Data!$I:$I,"") -> 38330000 | G31: =SUMIFS(Data!$L:$L,Data!$B:$B,"cliq",Data!$K:$K,"native",Data!$J:$J,RIGHT(G$3,4)&"-"&LEFT(G$3,2),Data!$F:$F,"Number of Transactions",Data!$H:$H,"",Data!$I:$I,"") -> 46650000 | H31: =SUMIFS(Data!$L:$L,Data!$B:$B,"cliq",Data!$K:$K,"native",Data!$J:$J,RIGHT(H$3,4)&"-"&LEFT(H$3,2),Data!$F:$F,"Number of Transactions",Data!$H:$H,"",Data!$I:$I,"") -> 50610000 | I31: =SUMIFS(Data!$L:$L,Data!$B:$B,"cliq",Data!$K:$K,"native",Data!$J:$J,RIGHT(I$3,4)&"-"&LEFT(I$3,2),Data!$F:$F,"Number of Transactions",Data!$H:$H,"",Data!$I:$I,"") -> 53290000 | J31: =SUMIFS(Data!$L:$L,Data!$B:$B,"cliq",Data!$K:$K,"native",Data!$J:$J,RIGHT(J$3,4)&"-"&LEFT(J$3,2),Data!$F:$F,"Number of Transactions",Data!$H:$H,"",Data!$I:$I,"") -> 61720000
A32: Transactions | B32: Total Value of Transactions (JOD) | C32: =SUMIFS(Data!$L:$L,Data!$B:$B,"cliq",Data!$K:$K,"native",Data!$J:$J,RIGHT(C$3,4)&"-"&LEFT(C$3,2),Data!$F:$F,"Value of Transactions",Data!$H:$H,"",Data!$I:$I,"") -> 3420000000 | D32: =SUMIFS(Data!$L:$L,Data!$B:$B,"cliq",Data!$K:$K,"native",Data!$J:$J,RIGHT(D$3,4)&"-"&LEFT(D$3,2),Data!$F:$F,"Value of Transactions",Data!$H:$H,"",Data!$I:$I,"") -> 3730000000 | E32: =SUMIFS(Data!$L:$L,Data!$B:$B,"cliq",Data!$K:$K,"native",Data!$J:$J,RIGHT(E$3,4)&"-"&LEFT(E$3,2),Data!$F:$F,"Value of Transactions",Data!$H:$H,"",Data!$I:$I,"") -> 4170000000 | F32: =SUMIFS(Data!$L:$L,Data!$B:$B,"cliq",Data!$K:$K,"native",Data!$J:$J,RIGHT(F$3,4)&"-"&LEFT(F$3,2),Data!$F:$F,"Value of Transactions",Data!$H:$H,"",Data!$I:$I,"") -> 4720000000 | G32: =SUMIFS(Data!$L:$L,Data!$B:$B,"cliq",Data!$K:$K,"native",Data!$J:$J,RIGHT(G$3,4)&"-"&LEFT(G$3,2),Data!$F:$F,"Value of Transactions",Data!$H:$H,"",Data!$I:$I,"") -> 5610000000 | H32: =SUMIFS(Data!$L:$L,Data!$B:$B,"cliq",Data!$K:$K,"native",Data!$J:$J,RIGHT(H$3,4)&"-"&LEFT(H$3,2),Data!$F:$F,"Value of Transactions",Data!$H:$H,"",Data!$I:$I,"") -> 5460000000 | I32: =SUMIFS(Data!$L:$L,Data!$B:$B,"cliq",Data!$K:$K,"native",Data!$J:$J,RIGHT(I$3,4)&"-"&LEFT(I$3,2),Data!$F:$F,"Value of Transactions",Data!$H:$H,"",Data!$I:$I,"") -> 5710000000 | J32: =SUMIFS(Data!$L:$L,Data!$B:$B,"cliq",Data!$K:$K,"native",Data!$J:$J,RIGHT(J$3,4)&"-"&LEFT(J$3,2),Data!$F:$F,"Value of Transactions",Data!$H:$H,"",Data!$I:$I,"") -> 6170000000
A33: TRANSACTIONS BY TYPE (Number)
A34: Txn Type | B34: Money Transfer | C34: =SUMIFS(Data!$L:$L,Data!$B:$B,"cliq",Data!$K:$K,"native",Data!$J:$J,RIGHT(C$3,4)&"-"&LEFT(C$3,2),Data!$F:$F,"Number of Transactions",Data!$H:$H,"Money Transfer",Data!$I:$I,"") -> 20000000 | D34: =SUMIFS(Data!$L:$L,Data!$B:$B,"cliq",Data!$K:$K,"native",Data!$J:$J,RIGHT(D$3,4)&"-"&LEFT(D$3,2),Data!$F:$F,"Number of Transactions",Data!$H:$H,"Money Transfer",Data!$I:$I,"") -> 23900000 | E34: =SUMIFS(Data!$L:$L,Data!$B:$B,"cliq",Data!$K:$K,"native",Data!$J:$J,RIGHT(E$3,4)&"-"&LEFT(E$3,2),Data!$F:$F,"Number of Transactions",Data!$H:$H,"Money Transfer",Data!$I:$I,"") -> 27600000 | F34: =SUMIFS(Data!$L:$L,Data!$B:$B,"cliq",Data!$K:$K,"native",Data!$J:$J,RIGHT(F$3,4)&"-"&LEFT(F$3,2),Data!$F:$F,"Number of Transactions",Data!$H:$H,"Money Transfer",Data!$I:$I,"") -> 32500000 | G34: =SUMIFS(Data!$L:$L,Data!$B:$B,"cliq",Data!$K:$K,"native",Data!$J:$J,RIGHT(G$3,4)&"-"&LEFT(G$3,2),Data!$F:$F,"Number of Transactions",Data!$H:$H,"Money Transfer",Data!$I:$I,"") -> 37400000 | H34: =SUMIFS(Data!$L:$L,Data!$B:$B,"cliq",Data!$K:$K,"native",Data!$J:$J,RIGHT(H$3,4)&"-"&LEFT(H$3,2),Data!$F:$F,"Number of Transactions",Data!$H:$H,"Money Transfer",Data!$I:$I,"") -> 40700000 | I34: =SUMIFS(Data!$L:$L,Data!$B:$B,"cliq",Data!$K:$K,"native",Data!$J:$J,RIGHT(I$3,4)&"-"&LEFT(I$3,2),Data!$F:$F,"Number of Transactions",Data!$H:$H,"Money Transfer",Data!$I:$I,"") -> 43200000 | J34: =SUMIFS(Data!$L:$L,Data!$B:$B,"cliq",Data!$K:$K,"native",Data!$J:$J,RIGHT(J$3,4)&"-"&LEFT(J$3,2),Data!$F:$F,"Number of Transactions",Data!$H:$H,"Money Transfer",Data!$I:$I,"") -> 49500000
A35: Txn Type | B35: Money Transfer (%) | C35: =C$34/C$31 -> 0.86169754 | D35: =D$34/D$31 -> 0.85816876 | E35: =E$34/E$31 -> 0.85369626 | F35: =F$34/F$31 -> 0.84789982 | G35: =G$34/G$31 -> 0.8017149 | H35: =H$34/H$31 -> 0.8041889 | I35: =I$34/I$31 -> 0.81065866 | J35: =J$34/J$31 -> 0.80200907
A36: Txn Type | B36: Purchases | C36: =SUMIFS(Data!$L:$L,Data!$B:$B,"cliq",Data!$K:$K,"native",Data!$J:$J,RIGHT(C$3,4)&"-"&LEFT(C$3,2),Data!$F:$F,"Number of Transactions",Data!$H:$H,"Purchases",Data!$I:$I,"") -> 3210000 | D36: =SUMIFS(Data!$L:$L,Data!$B:$B,"cliq",Data!$K:$K,"native",Data!$J:$J,RIGHT(D$3,4)&"-"&LEFT(D$3,2),Data!$F:$F,"Number of Transactions",Data!$H:$H,"Purchases",Data!$I:$I,"") -> 3940000 | E36: =SUMIFS(Data!$L:$L,Data!$B:$B,"cliq",Data!$K:$K,"native",Data!$J:$J,RIGHT(E$3,4)&"-"&LEFT(E$3,2),Data!$F:$F,"Number of Transactions",Data!$H:$H,"Purchases",Data!$I:$I,"") -> 4700000 | F36: =SUMIFS(Data!$L:$L,Data!$B:$B,"cliq",Data!$K:$K,"native",Data!$J:$J,RIGHT(F$3,4)&"-"&LEFT(F$3,2),Data!$F:$F,"Number of Transactions",Data!$H:$H,"Purchases",Data!$I:$I,"") -> 5790000 | G36: =SUMIFS(Data!$L:$L,Data!$B:$B,"cliq",Data!$K:$K,"native",Data!$J:$J,RIGHT(G$3,4)&"-"&LEFT(G$3,2),Data!$F:$F,"Number of Transactions",Data!$H:$H,"Purchases",Data!$I:$I,"") -> 9210000 | H36: =SUMIFS(Data!$L:$L,Data!$B:$B,"cliq",Data!$K:$K,"native",Data!$J:$J,RIGHT(H$3,4)&"-"&LEFT(H$3,2),Data!$F:$F,"Number of Transactions",Data!$H:$H,"Purchases",Data!$I:$I,"") -> 9870000 | I36: =SUMIFS(Data!$L:$L,Data!$B:$B,"cliq",Data!$K:$K,"native",Data!$J:$J,RIGHT(I$3,4)&"-"&LEFT(I$3,2),Data!$F:$F,"Number of Transactions",Data!$H:$H,"Purchases",Data!$I:$I,"") -> 10110000 | J36: =SUMIFS(Data!$L:$L,Data!$B:$B,"cliq",Data!$K:$K,"native",Data!$J:$J,RIGHT(J$3,4)&"-"&LEFT(J$3,2),Data!$F:$F,"Number of Transactions",Data!$H:$H,"Purchases",Data!$I:$I,"") -> 12220000
A37: Txn Type | B37: Purchases (%) | C37: =C$36/C$31 -> 0.13830246 | D37: =D$36/D$31 -> 0.14147217 | E37: =E$36/E$31 -> 0.14537581 | F37: =F$36/F$31 -> 0.15105661 | G37: =G$36/G$31 -> 0.19742765 | H37: =H$36/H$31 -> 0.19502075 | I37: =I$36/I$31 -> 0.18971664 | J37: =J$36/J$31 -> 0.19799093
A38: Check | B38: Money Transfer + Purchases (should = Total Number) | C38: =C34+C36 -> 23210000 | D38: =D34+D36 -> 27840000 | E38: =E34+E36 -> 32300000 | F38: =F34+F36 -> 38290000 | G38: =G34+G36 -> 46610000 | H38: =H34+H36 -> 50570000 | I38: =I34+I36 -> 53310000 | J38: =J34+J36 -> 61720000
A39: TRANSACTIONS BY TYPE (Value, JOD)
A40: Txn Type (JOD) | B40: Money Transfer (JOD) | C40: =SUMIFS(Data!$L:$L,Data!$B:$B,"cliq",Data!$K:$K,"native",Data!$J:$J,RIGHT(C$3,4)&"-"&LEFT(C$3,2),Data!$F:$F,"Value of Transactions",Data!$H:$H,"Money Transfer",Data!$I:$I,"") -> 2790000000 | D40: =SUMIFS(Data!$L:$L,Data!$B:$B,"cliq",Data!$K:$K,"native",Data!$J:$J,RIGHT(D$3,4)&"-"&LEFT(D$3,2),Data!$F:$F,"Value of Transactions",Data!$H:$H,"Money Transfer",Data!$I:$I,"") -> 3030000000 | E40: =SUMIFS(Data!$L:$L,Data!$B:$B,"cliq",Data!$K:$K,"native",Data!$J:$J,RIGHT(E$3,4)&"-"&LEFT(E$3,2),Data!$F:$F,"Value of Transactions",Data!$H:$H,"Money Transfer",Data!$I:$I,"") -> 3370000000 | F40: =SUMIFS(Data!$L:$L,Data!$B:$B,"cliq",Data!$K:$K,"native",Data!$J:$J,RIGHT(F$3,4)&"-"&LEFT(F$3,2),Data!$F:$F,"Value of Transactions",Data!$H:$H,"Money Transfer",Data!$I:$I,"") -> 3730000000 | G40: =SUMIFS(Data!$L:$L,Data!$B:$B,"cliq",Data!$K:$K,"native",Data!$J:$J,RIGHT(G$3,4)&"-"&LEFT(G$3,2),Data!$F:$F,"Value of Transactions",Data!$H:$H,"Money Transfer",Data!$I:$I,"") -> 4090000000 | H40: =SUMIFS(Data!$L:$L,Data!$B:$B,"cliq",Data!$K:$K,"native",Data!$J:$J,RIGHT(H$3,4)&"-"&LEFT(H$3,2),Data!$F:$F,"Value of Transactions",Data!$H:$H,"Money Transfer",Data!$I:$I,"") -> 4000000000 | I40: =SUMIFS(Data!$L:$L,Data!$B:$B,"cliq",Data!$K:$K,"native",Data!$J:$J,RIGHT(I$3,4)&"-"&LEFT(I$3,2),Data!$F:$F,"Value of Transactions",Data!$H:$H,"Money Transfer",Data!$I:$I,"") -> 4230000000 | J40: =SUMIFS(Data!$L:$L,Data!$B:$B,"cliq",Data!$K:$K,"native",Data!$J:$J,RIGHT(J$3,4)&"-"&LEFT(J$3,2),Data!$F:$F,"Value of Transactions",Data!$H:$H,"Money Transfer",Data!$I:$I,"") -> 4480000000
A41: Txn Type (JOD) | B41: Money Transfer (%) | C41: =C$40/C$32 -> 0.81578947 | D41: =D$40/D$32 -> 0.81233244 | E41: =E$40/E$32 -> 0.80815348 | F41: =F$40/F$32 -> 0.79025424 | G41: =G$40/G$32 -> 0.72905526 | H41: =H$40/H$32 -> 0.73260073 | I41: =I$40/I$32 -> 0.7408056 | J41: =J$40/J$32 -> 0.726094
A42: Txn Type (JOD) | B42: Purchases (JOD) | C42: =SUMIFS(Data!$L:$L,Data!$B:$B,"cliq",Data!$K:$K,"native",Data!$J:$J,RIGHT(C$3,4)&"-"&LEFT(C$3,2),Data!$F:$F,"Value of Transactions",Data!$H:$H,"Purchases",Data!$I:$I,"") -> 626000000 | D42: =SUMIFS(Data!$L:$L,Data!$B:$B,"cliq",Data!$K:$K,"native",Data!$J:$J,RIGHT(D$3,4)&"-"&LEFT(D$3,2),Data!$F:$F,"Value of Transactions",Data!$H:$H,"Purchases",Data!$I:$I,"") -> 702000000 | E42: =SUMIFS(Data!$L:$L,Data!$B:$B,"cliq",Data!$K:$K,"native",Data!$J:$J,RIGHT(E$3,4)&"-"&LEFT(E$3,2),Data!$F:$F,"Value of Transactions",Data!$H:$H,"Purchases",Data!$I:$I,"") -> 808000000 | F42: =SUMIFS(Data!$L:$L,Data!$B:$B,"cliq",Data!$K:$K,"native",Data!$J:$J,RIGHT(F$3,4)&"-"&LEFT(F$3,2),Data!$F:$F,"Value of Transactions",Data!$H:$H,"Purchases",Data!$I:$I,"") -> 994000000 | G42: =SUMIFS(Data!$L:$L,Data!$B:$B,"cliq",Data!$K:$K,"native",Data!$J:$J,RIGHT(G$3,4)&"-"&LEFT(G$3,2),Data!$F:$F,"Value of Transactions",Data!$H:$H,"Purchases",Data!$I:$I,"") -> 1520000000 | H42: =SUMIFS(Data!$L:$L,Data!$B:$B,"cliq",Data!$K:$K,"native",Data!$J:$J,RIGHT(H$3,4)&"-"&LEFT(H$3,2),Data!$F:$F,"Value of Transactions",Data!$H:$H,"Purchases",Data!$I:$I,"") -> 1470000000 | I42: =SUMIFS(Data!$L:$L,Data!$B:$B,"cliq",Data!$K:$K,"native",Data!$J:$J,RIGHT(I$3,4)&"-"&LEFT(I$3,2),Data!$F:$F,"Value of Transactions",Data!$H:$H,"Purchases",Data!$I:$I,"") -> 1480000000 | J42: =SUMIFS(Data!$L:$L,Data!$B:$B,"cliq",Data!$K:$K,"native",Data!$J:$J,RIGHT(J$3,4)&"-"&LEFT(J$3,2),Data!$F:$F,"Value of Transactions",Data!$H:$H,"Purchases",Data!$I:$I,"") -> 1690000000
A43: Txn Type (JOD) | B43: Purchases (%) | C43: =C$42/C$32 -> 0.18304094 | D43: =D$42/D$32 -> 0.18820375 | E43: =E$42/E$32 -> 0.19376499 | F43: =F$42/F$32 -> 0.21059322 | G43: =G$42/G$32 -> 0.27094474 | H43: =H$42/H$32 -> 0.26923077 | I43: =I$42/I$32 -> 0.2591944 | J43: =J$42/J$32 -> 0.273906
A44: Check | B44: Money Transfer + Purchases (JOD) (should = Total Value) | C44: =C40+C42 -> 3416000000 | D44: =D40+D42 -> 3732000000 | E44: =E40+E42 -> 4178000000 | F44: =F40+F42 -> 4724000000 | G44: =G40+G42 -> 5610000000 | H44: =H40+H42 -> 5470000000 | I44: =I40+I42 -> 5710000000 | J44: =J40+J42 -> 6170000000
A45: MONEY TRANSFER BY DIRECTION (Number)
A46: Direction | B46: On Us (same bank) | C46: =SUMIFS(Data!$L:$L,Data!$B:$B,"cliq",Data!$K:$K,"native",Data!$J:$J,RIGHT(C$3,4)&"-"&LEFT(C$3,2),Data!$F:$F,"Number of Transactions",Data!$H:$H,"Money Transfer",Data!$I:$I,"On Us") -> 3780000 | D46: =SUMIFS(Data!$L:$L,Data!$B:$B,"cliq",Data!$K:$K,"native",Data!$J:$J,RIGHT(D$3,4)&"-"&LEFT(D$3,2),Data!$F:$F,"Number of Transactions",Data!$H:$H,"Money Transfer",Data!$I:$I,"On Us") -> 4520000 | E46: =SUMIFS(Data!$L:$L,Data!$B:$B,"cliq",Data!$K:$K,"native",Data!$J:$J,RIGHT(E$3,4)&"-"&LEFT(E$3,2),Data!$F:$F,"Number of Transactions",Data!$H:$H,"Money Transfer",Data!$I:$I,"On Us") -> 5200000 | F46: =SUMIFS(Data!$L:$L,Data!$B:$B,"cliq",Data!$K:$K,"native",Data!$J:$J,RIGHT(F$3,4)&"-"&LEFT(F$3,2),Data!$F:$F,"Number of Transactions",Data!$H:$H,"Money Transfer",Data!$I:$I,"On Us") -> 6090000 | G46: =SUMIFS(Data!$L:$L,Data!$B:$B,"cliq",Data!$K:$K,"native",Data!$J:$J,RIGHT(G$3,4)&"-"&LEFT(G$3,2),Data!$F:$F,"Number of Transactions",Data!$H:$H,"Money Transfer",Data!$I:$I,"On Us") -> 7080000 | H46: =SUMIFS(Data!$L:$L,Data!$B:$B,"cliq",Data!$K:$K,"native",Data!$J:$J,RIGHT(H$3,4)&"-"&LEFT(H$3,2),Data!$F:$F,"Number of Transactions",Data!$H:$H,"Money Transfer",Data!$I:$I,"On Us") -> 7700000 | I46: =SUMIFS(Data!$L:$L,Data!$B:$B,"cliq",Data!$K:$K,"native",Data!$J:$J,RIGHT(I$3,4)&"-"&LEFT(I$3,2),Data!$F:$F,"Number of Transactions",Data!$H:$H,"Money Transfer",Data!$I:$I,"On Us") -> 8160000 | J46: =SUMIFS(Data!$L:$L,Data!$B:$B,"cliq",Data!$K:$K,"native",Data!$J:$J,RIGHT(J$3,4)&"-"&LEFT(J$3,2),Data!$F:$F,"Number of Transactions",Data!$H:$H,"Money Transfer",Data!$I:$I,"On Us") -> 9280000
A47: Direction | B47: On Us (%) | C47: =C$46/(C$46+C$48) -> 0.25627119 | D47: =D$46/(D$46+D$48) -> 0.25799087 | E47: =E$46/(E$46+E$48) -> 0.26078235 | F47: =F$46/(F$46+F$48) -> 0.26295337 | G47: =G$46/(G$46+G$48) -> 0.26879271 | H47: =H$46/(H$46+H$48) -> 0.27017544 | I47: =I$46/(I$46+I$48) -> 0.27136681 | J47: =J$46/(J$46+J$48) -> 0.27382709
A48: Direction | B48: Off Us (different banks) | C48: =SUMIFS(Data!$L:$L,Data!$B:$B,"cliq",Data!$K:$K,"native",Data!$J:$J,RIGHT(C$3,4)&"-"&LEFT(C$3,2),Data!$F:$F,"Number of Transactions",Data!$H:$H,"Money Transfer",Data!$I:$I,"Off Us") -> 10970000 | D48: =SUMIFS(Data!$L:$L,Data!$B:$B,"cliq",Data!$K:$K,"native",Data!$J:$J,RIGHT(D$3,4)&"-"&LEFT(D$3,2),Data!$F:$F,"Number of Transactions",Data!$H:$H,"Money Transfer",Data!$I:$I,"Off Us") -> 13000000 | E48: =SUMIFS(Data!$L:$L,Data!$B:$B,"cliq",Data!$K:$K,"native",Data!$J:$J,RIGHT(E$3,4)&"-"&LEFT(E$3,2),Data!$F:$F,"Number of Transactions",Data!$H:$H,"Money Transfer",Data!$I:$I,"Off Us") -> 14740000 | F48: =SUMIFS(Data!$L:$L,Data!$B:$B,"cliq",Data!$K:$K,"native",Data!$J:$J,RIGHT(F$3,4)&"-"&LEFT(F$3,2),Data!$F:$F,"Number of Transactions",Data!$H:$H,"Money Transfer",Data!$I:$I,"Off Us") -> 17070000 | G48: =SUMIFS(Data!$L:$L,Data!$B:$B,"cliq",Data!$K:$K,"native",Data!$J:$J,RIGHT(G$3,4)&"-"&LEFT(G$3,2),Data!$F:$F,"Number of Transactions",Data!$H:$H,"Money Transfer",Data!$I:$I,"Off Us") -> 19260000 | H48: =SUMIFS(Data!$L:$L,Data!$B:$B,"cliq",Data!$K:$K,"native",Data!$J:$J,RIGHT(H$3,4)&"-"&LEFT(H$3,2),Data!$F:$F,"Number of Transactions",Data!$H:$H,"Money Transfer",Data!$I:$I,"Off Us") -> 20800000 | I48: =SUMIFS(Data!$L:$L,Data!$B:$B,"cliq",Data!$K:$K,"native",Data!$J:$J,RIGHT(I$3,4)&"-"&LEFT(I$3,2),Data!$F:$F,"Number of Transactions",Data!$H:$H,"Money Transfer",Data!$I:$I,"Off Us") -> 21910000 | J48: =SUMIFS(Data!$L:$L,Data!$B:$B,"cliq",Data!$K:$K,"native",Data!$J:$J,RIGHT(J$3,4)&"-"&LEFT(J$3,2),Data!$F:$F,"Number of Transactions",Data!$H:$H,"Money Transfer",Data!$I:$I,"Off Us") -> 24610000
A49: Direction | B49: Off Us (%) | C49: =C$48/(C$48+C$46) -> 0.74372881 | D49: =D$48/(D$48+D$46) -> 0.74200913 | E49: =E$48/(E$48+E$46) -> 0.73921765 | F49: =F$48/(F$48+F$46) -> 0.73704663 | G49: =G$48/(G$48+G$46) -> 0.73120729 | H49: =H$48/(H$48+H$46) -> 0.72982456 | I49: =I$48/(I$48+I$46) -> 0.72863319 | J49: =J$48/(J$48+J$46) -> 0.72617291
A50: MONEY TRANSFER BY DIRECTION (Value, JOD)
A51: Direction (JOD) | B51: On Us (JOD) | C51: =SUMIFS(Data!$L:$L,Data!$B:$B,"cliq",Data!$K:$K,"native",Data!$J:$J,RIGHT(C$3,4)&"-"&LEFT(C$3,2),Data!$F:$F,"Value of Transactions",Data!$H:$H,"Money Transfer",Data!$I:$I,"On Us") -> 483000000 | D51: =SUMIFS(Data!$L:$L,Data!$B:$B,"cliq",Data!$K:$K,"native",Data!$J:$J,RIGHT(D$3,4)&"-"&LEFT(D$3,2),Data!$F:$F,"Value of Transactions",Data!$H:$H,"Money Transfer",Data!$I:$I,"On Us") -> 530000000 | E51: =SUMIFS(Data!$L:$L,Data!$B:$B,"cliq",Data!$K:$K,"native",Data!$J:$J,RIGHT(E$3,4)&"-"&LEFT(E$3,2),Data!$F:$F,"Value of Transactions",Data!$H:$H,"Money Transfer",Data!$I:$I,"On Us") -> 595000000 | F51: =SUMIFS(Data!$L:$L,Data!$B:$B,"cliq",Data!$K:$K,"native",Data!$J:$J,RIGHT(F$3,4)&"-"&LEFT(F$3,2),Data!$F:$F,"Value of Transactions",Data!$H:$H,"Money Transfer",Data!$I:$I,"On Us") -> 668000000 | G51: =SUMIFS(Data!$L:$L,Data!$B:$B,"cliq",Data!$K:$K,"native",Data!$J:$J,RIGHT(G$3,4)&"-"&LEFT(G$3,2),Data!$F:$F,"Value of Transactions",Data!$H:$H,"Money Transfer",Data!$I:$I,"On Us") -> 762000000 | H51: =SUMIFS(Data!$L:$L,Data!$B:$B,"cliq",Data!$K:$K,"native",Data!$J:$J,RIGHT(H$3,4)&"-"&LEFT(H$3,2),Data!$F:$F,"Value of Transactions",Data!$H:$H,"Money Transfer",Data!$I:$I,"On Us") -> 735000000 | I51: =SUMIFS(Data!$L:$L,Data!$B:$B,"cliq",Data!$K:$K,"native",Data!$J:$J,RIGHT(I$3,4)&"-"&LEFT(I$3,2),Data!$F:$F,"Value of Transactions",Data!$H:$H,"Money Transfer",Data!$I:$I,"On Us") -> 790000000 | J51: =SUMIFS(Data!$L:$L,Data!$B:$B,"cliq",Data!$K:$K,"native",Data!$J:$J,RIGHT(J$3,4)&"-"&LEFT(J$3,2),Data!$F:$F,"Value of Transactions",Data!$H:$H,"Money Transfer",Data!$I:$I,"On Us") -> 840000000
A52: Direction (JOD) | B52: On Us (%) | C52: =C$51/(C$51+C$53) -> 0.2018387 | D52: =D$51/(D$51+D$53) -> 0.20384615 | E52: =E$51/(E$51+E$53) -> 0.20623917 | F52: =F$51/(F$51+F$53) -> 0.20953576 | G52: =G$51/(G$51+G$53) -> 0.21821306 | H52: =H$51/(H$51+H$53) -> 0.21522694 | I52: =I$51/(I$51+I$53) -> 0.21763085 | J52: =J$51/(J$51+J$53) -> 0.22047244
A53: Direction (JOD) | B53: Off Us (JOD) | C53: =SUMIFS(Data!$L:$L,Data!$B:$B,"cliq",Data!$K:$K,"native",Data!$J:$J,RIGHT(C$3,4)&"-"&LEFT(C$3,2),Data!$F:$F,"Value of Transactions",Data!$H:$H,"Money Transfer",Data!$I:$I,"Off Us") -> 1910000000 | D53: =SUMIFS(Data!$L:$L,Data!$B:$B,"cliq",Data!$K:$K,"native",Data!$J:$J,RIGHT(D$3,4)&"-"&LEFT(D$3,2),Data!$F:$F,"Value of Transactions",Data!$H:$H,"Money Transfer",Data!$I:$I,"Off Us") -> 2070000000 | E53: =SUMIFS(Data!$L:$L,Data!$B:$B,"cliq",Data!$K:$K,"native",Data!$J:$J,RIGHT(E$3,4)&"-"&LEFT(E$3,2),Data!$F:$F,"Value of Transactions",Data!$H:$H,"Money Transfer",Data!$I:$I,"Off Us") -> 2290000000 | F53: =SUMIFS(Data!$L:$L,Data!$B:$B,"cliq",Data!$K:$K,"native",Data!$J:$J,RIGHT(F$3,4)&"-"&LEFT(F$3,2),Data!$F:$F,"Value of Transactions",Data!$H:$H,"Money Transfer",Data!$I:$I,"Off Us") -> 2520000000 | G53: =SUMIFS(Data!$L:$L,Data!$B:$B,"cliq",Data!$K:$K,"native",Data!$J:$J,RIGHT(G$3,4)&"-"&LEFT(G$3,2),Data!$F:$F,"Value of Transactions",Data!$H:$H,"Money Transfer",Data!$I:$I,"Off Us") -> 2730000000 | H53: =SUMIFS(Data!$L:$L,Data!$B:$B,"cliq",Data!$K:$K,"native",Data!$J:$J,RIGHT(H$3,4)&"-"&LEFT(H$3,2),Data!$F:$F,"Value of Transactions",Data!$H:$H,"Money Transfer",Data!$I:$I,"Off Us") -> 2680000000 | I53: =SUMIFS(Data!$L:$L,Data!$B:$B,"cliq",Data!$K:$K,"native",Data!$J:$J,RIGHT(I$3,4)&"-"&LEFT(I$3,2),Data!$F:$F,"Value of Transactions",Data!$H:$H,"Money Transfer",Data!$I:$I,"Off Us") -> 2840000000 | J53: =SUMIFS(Data!$L:$L,Data!$B:$B,"cliq",Data!$K:$K,"native",Data!$J:$J,RIGHT(J$3,4)&"-"&LEFT(J$3,2),Data!$F:$F,"Value of Transactions",Data!$H:$H,"Money Transfer",Data!$I:$I,"Off Us") -> 2970000000
A54: Direction (JOD) | B54: Off Us (%) | C54: =C$53/(C$53+C$51) -> 0.7981613 | D54: =D$53/(D$53+D$51) -> 0.79615385 | E54: =E$53/(E$53+E$51) -> 0.79376083 | F54: =F$53/(F$53+F$51) -> 0.79046424 | G54: =G$53/(G$53+G$51) -> 0.78178694 | H54: =H$53/(H$53+H$51) -> 0.78477306 | I54: =I$53/(I$53+I$51) -> 0.78236915 | J54: =J$53/(J$53+J$51) -> 0.77952756

Sheet JoMoPay
A1: JoMoPay (Mobile Wallets) - Quarterly Data (Q3 2024 - Q2 2026)
A3: Category | B3: Metric | C3: Q3 2024 | D3: Q4 2024 | E3: Q1 2025 | F3: Q2 2025 | G3: Q3 2025 | H3: Q4 2025 | I3: Q1 2026 | J3: Q2 2026
A4: USERS
A5: Users | B5: Total Registered Users | C5: =SUMIFS(Data!$L:$L,Data!$B:$B,"jomopay",Data!$K:$K,"native",Data!$J:$J,RIGHT(C$3,4)&"-"&LEFT(C$3,2),Data!$F:$F,"Number of Users",Data!$H:$H,"",Data!$I:$I,"") -> 2330000 | D5: =SUMIFS(Data!$L:$L,Data!$B:$B,"jomopay",Data!$K:$K,"native",Data!$J:$J,RIGHT(D$3,4)&"-"&LEFT(D$3,2),Data!$F:$F,"Number of Users",Data!$H:$H,"",Data!$I:$I,"") -> 2590000 | E5: =SUMIFS(Data!$L:$L,Data!$B:$B,"jomopay",Data!$K:$K,"native",Data!$J:$J,RIGHT(E$3,4)&"-"&LEFT(E$3,2),Data!$F:$F,"Number of Users",Data!$H:$H,"",Data!$I:$I,"") -> 2600000 | F5: =SUMIFS(Data!$L:$L,Data!$B:$B,"jomopay",Data!$K:$K,"native",Data!$J:$J,RIGHT(F$3,4)&"-"&LEFT(F$3,2),Data!$F:$F,"Number of Users",Data!$H:$H,"",Data!$I:$I,"") -> 2670000 | G5: =SUMIFS(Data!$L:$L,Data!$B:$B,"jomopay",Data!$K:$K,"native",Data!$J:$J,RIGHT(G$3,4)&"-"&LEFT(G$3,2),Data!$F:$F,"Number of Users",Data!$H:$H,"",Data!$I:$I,"") -> 2700000 | H5: =SUMIFS(Data!$L:$L,Data!$B:$B,"jomopay",Data!$K:$K,"native",Data!$J:$J,RIGHT(H$3,4)&"-"&LEFT(H$3,2),Data!$F:$F,"Number of Users",Data!$H:$H,"",Data!$I:$I,"") -> 2810000 | I5: =SUMIFS(Data!$L:$L,Data!$B:$B,"jomopay",Data!$K:$K,"native",Data!$J:$J,RIGHT(I$3,4)&"-"&LEFT(I$3,2),Data!$F:$F,"Number of Users",Data!$H:$H,"",Data!$I:$I,"") -> 2910000 | J5: =SUMIFS(Data!$L:$L,Data!$B:$B,"jomopay",Data!$K:$K,"native",Data!$J:$J,RIGHT(J$3,4)&"-"&LEFT(J$3,2),Data!$F:$F,"Number of Users",Data!$H:$H,"",Data!$I:$I,"") -> 3000000
A6: USERS BY NATIONALITY
A7: Nationality | B7: Jordanian (count) | C7: =SUMIFS(Data!$L:$L,Data!$B:$B,"jomopay",Data!$K:$K,"native",Data!$J:$J,RIGHT(C$3,4)&"-"&LEFT(C$3,2),Data!$F:$F,"Number of Users",Data!$H:$H,"Jordanian",Data!$I:$I,"") -> 2050000 | D7: =SUMIFS(Data!$L:$L,Data!$B:$B,"jomopay",Data!$K:$K,"native",Data!$J:$J,RIGHT(D$3,4)&"-"&LEFT(D$3,2),Data!$F:$F,"Number of Users",Data!$H:$H,"Jordanian",Data!$I:$I,"") -> 2290000 | E7: =SUMIFS(Data!$L:$L,Data!$B:$B,"jomopay",Data!$K:$K,"native",Data!$J:$J,RIGHT(E$3,4)&"-"&LEFT(E$3,2),Data!$F:$F,"Number of Users",Data!$H:$H,"Jordanian",Data!$I:$I,"") -> 2290000 | F7: =SUMIFS(Data!$L:$L,Data!$B:$B,"jomopay",Data!$K:$K,"native",Data!$J:$J,RIGHT(F$3,4)&"-"&LEFT(F$3,2),Data!$F:$F,"Number of Users",Data!$H:$H,"Jordanian",Data!$I:$I,"") -> 2350000 | G7: =SUMIFS(Data!$L:$L,Data!$B:$B,"jomopay",Data!$K:$K,"native",Data!$J:$J,RIGHT(G$3,4)&"-"&LEFT(G$3,2),Data!$F:$F,"Number of Users",Data!$H:$H,"Jordanian",Data!$I:$I,"") -> 2370000 | H7: =SUMIFS(Data!$L:$L,Data!$B:$B,"jomopay",Data!$K:$K,"native",Data!$J:$J,RIGHT(H$3,4)&"-"&LEFT(H$3,2),Data!$F:$F,"Number of Users",Data!$H:$H,"Jordanian",Data!$I:$I,"") -> 2470000 | I7: =SUMIFS(Data!$L:$L,Data!$B:$B,"jomopay",Data!$K:$K,"native",Data!$J:$J,RIGHT(I$3,4)&"-"&LEFT(I$3,2),Data!$F:$F,"Number of Users",Data!$H:$H,"Jordanian",Data!$I:$I,"") -> 2550000 | J7: =SUMIFS(Data!$L:$L,Data!$B:$B,"jomopay",Data!$K:$K,"native",Data!$J:$J,RIGHT(J$3,4)&"-"&LEFT(J$3,2),Data!$F:$F,"Number of Users",Data!$H:$H,"Jordanian",Data!$I:$I,"") -> 2630000
A8: Nationality | B8: Jordanian (%) | C8: =C$7/(C$7+C$9) -> 0.87982833 | D8: =D$7/(D$7+D$9) -> 0.88416988 | E8: =E$7/(E$7+E$9) -> 0.88076923 | F8: =F$7/(F$7+F$9) -> 0.88014981 | G8: =G$7/(G$7+G$9) -> 0.87777778 | H8: =H$7/(H$7+H$9) -> 0.87900356 | I8: =I$7/(I$7+I$9) -> 0.87628866 | J8: =J$7/(J$7+J$9) -> 0.87666667
A9: Nationality | B9: Non-Jordanian (count) | C9: =SUMIFS(Data!$L:$L,Data!$B:$B,"jomopay",Data!$K:$K,"native",Data!$J:$J,RIGHT(C$3,4)&"-"&LEFT(C$3,2),Data!$F:$F,"Number of Users",Data!$H:$H,"Non-Jordanian",Data!$I:$I,"") -> 280000 | D9: =SUMIFS(Data!$L:$L,Data!$B:$B,"jomopay",Data!$K:$K,"native",Data!$J:$J,RIGHT(D$3,4)&"-"&LEFT(D$3,2),Data!$F:$F,"Number of Users",Data!$H:$H,"Non-Jordanian",Data!$I:$I,"") -> 300000 | E9: =SUMIFS(Data!$L:$L,Data!$B:$B,"jomopay",Data!$K:$K,"native",Data!$J:$J,RIGHT(E$3,4)&"-"&LEFT(E$3,2),Data!$F:$F,"Number of Users",Data!$H:$H,"Non-Jordanian",Data!$I:$I,"") -> 310000 | F9: =SUMIFS(Data!$L:$L,Data!$B:$B,"jomopay",Data!$K:$K,"native",Data!$J:$J,RIGHT(F$3,4)&"-"&LEFT(F$3,2),Data!$F:$F,"Number of Users",Data!$H:$H,"Non-Jordanian",Data!$I:$I,"") -> 320000 | G9: =SUMIFS(Data!$L:$L,Data!$B:$B,"jomopay",Data!$K:$K,"native",Data!$J:$J,RIGHT(G$3,4)&"-"&LEFT(G$3,2),Data!$F:$F,"Number of Users",Data!$H:$H,"Non-Jordanian",Data!$I:$I,"") -> 330000 | H9: =SUMIFS(Data!$L:$L,Data!$B:$B,"jomopay",Data!$K:$K,"native",Data!$J:$J,RIGHT(H$3,4)&"-"&LEFT(H$3,2),Data!$F:$F,"Number of Users",Data!$H:$H,"Non-Jordanian",Data!$I:$I,"") -> 340000 | I9: =SUMIFS(Data!$L:$L,Data!$B:$B,"jomopay",Data!$K:$K,"native",Data!$J:$J,RIGHT(I$3,4)&"-"&LEFT(I$3,2),Data!$F:$F,"Number of Users",Data!$H:$H,"Non-Jordanian",Data!$I:$I,"") -> 360000 | J9: =SUMIFS(Data!$L:$L,Data!$B:$B,"jomopay",Data!$K:$K,"native",Data!$J:$J,RIGHT(J$3,4)&"-"&LEFT(J$3,2),Data!$F:$F,"Number of Users",Data!$H:$H,"Non-Jordanian",Data!$I:$I,"") -> 370000
A10: Nationality | B10: Non-Jordanian (%) | C10: =C$9/(C$9+C$7) -> 0.12017167 | D10: =D$9/(D$9+D$7) -> 0.11583012 | E10: =E$9/(E$9+E$7) -> 0.11923077 | F10: =F$9/(F$9+F$7) -> 0.11985019 | G10: =G$9/(G$9+G$7) -> 0.12222222 | H10: =H$9/(H$9+H$7) -> 0.12099644 | I10: =I$9/(I$9+I$7) -> 0.12371134 | J10: =J$9/(J$9+J$7) -> 0.12333333
A11: USERS BY GENDER
A12: Gender | B12: Male (count) | C12: =SUMIFS(Data!$L:$L,Data!$B:$B,"jomopay",Data!$K:$K,"native",Data!$J:$J,RIGHT(C$3,4)&"-"&LEFT(C$3,2),Data!$F:$F,"Number of Users",Data!$H:$H,"Male",Data!$I:$I,"") -> 1180000 | D12: =SUMIFS(Data!$L:$L,Data!$B:$B,"jomopay",Data!$K:$K,"native",Data!$J:$J,RIGHT(D$3,4)&"-"&LEFT(D$3,2),Data!$F:$F,"Number of Users",Data!$H:$H,"Male",Data!$I:$I,"") -> 1310000 | E12: =SUMIFS(Data!$L:$L,Data!$B:$B,"jomopay",Data!$K:$K,"native",Data!$J:$J,RIGHT(E$3,4)&"-"&LEFT(E$3,2),Data!$F:$F,"Number of Users",Data!$H:$H,"Male",Data!$I:$I,"") -> 1300000 | F12: =SUMIFS(Data!$L:$L,Data!$B:$B,"jomopay",Data!$K:$K,"native",Data!$J:$J,RIGHT(F$3,4)&"-"&LEFT(F$3,2),Data!$F:$F,"Number of Users",Data!$H:$H,"Male",Data!$I:$I,"") -> 1360000 | G12: =SUMIFS(Data!$L:$L,Data!$B:$B,"jomopay",Data!$K:$K,"native",Data!$J:$J,RIGHT(G$3,4)&"-"&LEFT(G$3,2),Data!$F:$F,"Number of Users",Data!$H:$H,"Male",Data!$I:$I,"") -> 1410000 | H12: =SUMIFS(Data!$L:$L,Data!$B:$B,"jomopay",Data!$K:$K,"native",Data!$J:$J,RIGHT(H$3,4)&"-"&LEFT(H$3,2),Data!$F:$F,"Number of Users",Data!$H:$H,"Male",Data!$I:$I,"") -> 1490000 | I12: =SUMIFS(Data!$L:$L,Data!$B:$B,"jomopay",Data!$K:$K,"native",Data!$J:$J,RIGHT(I$3,4)&"-"&LEFT(I$3,2),Data!$F:$F,"Number of Users",Data!$H:$H,"Male",Data!$I:$I,"") -> 1550000 | J12: =SUMIFS(Data!$L:$L,Data!$B:$B,"jomopay",Data!$K:$K,"native",Data!$J:$J,RIGHT(J$3,4)&"-"&LEFT(J$3,2),Data!$F:$F,"Number of Users",Data!$H:$H,"Male",Data!$I:$I,"") -> 1620000
A13: Gender | B13: Male (%) | C13: =C$12/(C$12+C$14) -> 0.50862069 | D13: =D$12/(D$12+D$14) -> 0.50972763 | E13: =E$12/(E$12+E$14) -> 0.5 | F13: =F$12/(F$12+F$14) -> 0.51320755 | G13: =G$12/(G$12+G$14) -> 0.52416357 | H13: =H$12/(H$12+H$14) -> 0.53024911 | I13: =I$12/(I$12+I$14) -> 0.53633218 | J13: =J$12/(J$12+J$14) -> 0.54180602
A14: Gender | B14: Female (count) | C14: =SUMIFS(Data!$L:$L,Data!$B:$B,"jomopay",Data!$K:$K,"native",Data!$J:$J,RIGHT(C$3,4)&"-"&LEFT(C$3,2),Data!$F:$F,"Number of Users",Data!$H:$H,"Female",Data!$I:$I,"") -> 1140000 | D14: =SUMIFS(Data!$L:$L,Data!$B:$B,"jomopay",Data!$K:$K,"native",Data!$J:$J,RIGHT(D$3,4)&"-"&LEFT(D$3,2),Data!$F:$F,"Number of Users",Data!$H:$H,"Female",Data!$I:$I,"") -> 1260000 | E14: =SUMIFS(Data!$L:$L,Data!$B:$B,"jomopay",Data!$K:$K,"native",Data!$J:$J,RIGHT(E$3,4)&"-"&LEFT(E$3,2),Data!$F:$F,"Number of Users",Data!$H:$H,"Female",Data!$I:$I,"") -> 1300000 | F14: =SUMIFS(Data!$L:$L,Data!$B:$B,"jomopay",Data!$K:$K,"native",Data!$J:$J,RIGHT(F$3,4)&"-"&LEFT(F$3,2),Data!$F:$F,"Number of Users",Data!$H:$H,"Female",Data!$I:$I,"") -> 1290000 | G14: =SUMIFS(Data!$L:$L,Data!$B:$B,"jomopay",Data!$K:$K,"native",Data!$J:$J,RIGHT(G$3,4)&"-"&LEFT(G$3,2),Data!$F:$F,"Number of Users",Data!$H:$H,"Female",Data!$I:$I,"") -> 1280000 | H14: =SUMIFS(Data!$L:$L,Data!$B:$B,"jomopay",Data!$K:$K,"native",Data!$J:$J,RIGHT(H$3,4)&"-"&LEFT(H$3,2),Data!$F:$F,"Number of Users",Data!$H:$H,"Female",Data!$I:$I,"") -> 1320000 | I14: =SUMIFS(Data!$L:$L,Data!$B:$B,"jomopay",Data!$K:$K,"native",Data!$J:$J,RIGHT(I$3,4)&"-"&LEFT(I$3,2),Data!$F:$F,"Number of Users",Data!$H:$H,"Female",Data!$I:$I,"") -> 1340000 | J14: =SUMIFS(Data!$L:$L,Data!$B:$B,"jomopay",Data!$K:$K,"native",Data!$J:$J,RIGHT(J$3,4)&"-"&LEFT(J$3,2),Data!$F:$F,"Number of Users",Data!$H:$H,"Female",Data!$I:$I,"") -> 1370000
A15: Gender | B15: Female (%) | C15: =C$14/(C$14+C$12) -> 0.49137931 | D15: =D$14/(D$14+D$12) -> 0.49027237 | E15: =E$14/(E$14+E$12) -> 0.5 | F15: =F$14/(F$14+F$12) -> 0.48679245 | G15: =G$14/(G$14+G$12) -> 0.47583643 | H15: =H$14/(H$14+H$12) -> 0.46975089 | I15: =I$14/(I$14+I$12) -> 0.46366782 | J15: =J$14/(J$14+J$12) -> 0.45819398
A16: USERS BY AGE BRACKET (count)
A17: Age | B17: <18 | C17: =SUMIFS(Data!$L:$L,Data!$B:$B,"jomopay",Data!$K:$K,"native",Data!$J:$J,RIGHT(C$3,4)&"-"&LEFT(C$3,2),Data!$F:$F,"Number of Users",Data!$H:$H,"=<18",Data!$I:$I,"") -> 1400 | D17: =SUMIFS(Data!$L:$L,Data!$B:$B,"jomopay",Data!$K:$K,"native",Data!$J:$J,RIGHT(D$3,4)&"-"&LEFT(D$3,2),Data!$F:$F,"Number of Users",Data!$H:$H,"=<18",Data!$I:$I,"") -> 1500 | E17: =SUMIFS(Data!$L:$L,Data!$B:$B,"jomopay",Data!$K:$K,"native",Data!$J:$J,RIGHT(E$3,4)&"-"&LEFT(E$3,2),Data!$F:$F,"Number of Users",Data!$H:$H,"=<18",Data!$I:$I,"") -> 1300 | F17: =SUMIFS(Data!$L:$L,Data!$B:$B,"jomopay",Data!$K:$K,"native",Data!$J:$J,RIGHT(F$3,4)&"-"&LEFT(F$3,2),Data!$F:$F,"Number of Users",Data!$H:$H,"=<18",Data!$I:$I,"") -> 1000 | G17: =SUMIFS(Data!$L:$L,Data!$B:$B,"jomopay",Data!$K:$K,"native",Data!$J:$J,RIGHT(G$3,4)&"-"&LEFT(G$3,2),Data!$F:$F,"Number of Users",Data!$H:$H,"=<18",Data!$I:$I,"") -> 1000 | H17: =SUMIFS(Data!$L:$L,Data!$B:$B,"jomopay",Data!$K:$K,"native",Data!$J:$J,RIGHT(H$3,4)&"-"&LEFT(H$3,2),Data!$F:$F,"Number of Users",Data!$H:$H,"=<18",Data!$I:$I,"") -> 1100 | I17: =SUMIFS(Data!$L:$L,Data!$B:$B,"jomopay",Data!$K:$K,"native",Data!$J:$J,RIGHT(I$3,4)&"-"&LEFT(I$3,2),Data!$F:$F,"Number of Users",Data!$H:$H,"=<18",Data!$I:$I,"") -> 1000 | J17: =SUMIFS(Data!$L:$L,Data!$B:$B,"jomopay",Data!$K:$K,"native",Data!$J:$J,RIGHT(J$3,4)&"-"&LEFT(J$3,2),Data!$F:$F,"Number of Users",Data!$H:$H,"=<18",Data!$I:$I,"") -> 830
A18: Age | B18: 18-30 | C18: =SUMIFS(Data!$L:$L,Data!$B:$B,"jomopay",Data!$K:$K,"native",Data!$J:$J,RIGHT(C$3,4)&"-"&LEFT(C$3,2),Data!$F:$F,"Number of Users",Data!$H:$H,"18-30",Data!$I:$I,"") -> 828200 | D18: =SUMIFS(Data!$L:$L,Data!$B:$B,"jomopay",Data!$K:$K,"native",Data!$J:$J,RIGHT(D$3,4)&"-"&LEFT(D$3,2),Data!$F:$F,"Number of Users",Data!$H:$H,"18-30",Data!$I:$I,"") -> 971400 | E18: =SUMIFS(Data!$L:$L,Data!$B:$B,"jomopay",Data!$K:$K,"native",Data!$J:$J,RIGHT(E$3,4)&"-"&LEFT(E$3,2),Data!$F:$F,"Number of Users",Data!$H:$H,"18-30",Data!$I:$I,"") -> 938100 | F18: =SUMIFS(Data!$L:$L,Data!$B:$B,"jomopay",Data!$K:$K,"native",Data!$J:$J,RIGHT(F$3,4)&"-"&LEFT(F$3,2),Data!$F:$F,"Number of Users",Data!$H:$H,"18-30",Data!$I:$I,"") -> 951500 | G18: =SUMIFS(Data!$L:$L,Data!$B:$B,"jomopay",Data!$K:$K,"native",Data!$J:$J,RIGHT(G$3,4)&"-"&LEFT(G$3,2),Data!$F:$F,"Number of Users",Data!$H:$H,"18-30",Data!$I:$I,"") -> 976500 | H18: =SUMIFS(Data!$L:$L,Data!$B:$B,"jomopay",Data!$K:$K,"native",Data!$J:$J,RIGHT(H$3,4)&"-"&LEFT(H$3,2),Data!$F:$F,"Number of Users",Data!$H:$H,"18-30",Data!$I:$I,"") -> 1030000 | I18: =SUMIFS(Data!$L:$L,Data!$B:$B,"jomopay",Data!$K:$K,"native",Data!$J:$J,RIGHT(I$3,4)&"-"&LEFT(I$3,2),Data!$F:$F,"Number of Users",Data!$H:$H,"18-30",Data!$I:$I,"") -> 1050000 | J18: =SUMIFS(Data!$L:$L,Data!$B:$B,"jomopay",Data!$K:$K,"native",Data!$J:$J,RIGHT(J$3,4)&"-"&LEFT(J$3,2),Data!$F:$F,"Number of Users",Data!$H:$H,"18-30",Data!$I:$I,"") -> 1080000
A19: Age | B19: 31-40 | C19: =SUMIFS(Data!$L:$L,Data!$B:$B,"jomopay",Data!$K:$K,"native",Data!$J:$J,RIGHT(C$3,4)&"-"&LEFT(C$3,2),Data!$F:$F,"Number of Users",Data!$H:$H,"31-40",Data!$I:$I,"") -> 603200 | D19: =SUMIFS(Data!$L:$L,Data!$B:$B,"jomopay",Data!$K:$K,"native",Data!$J:$J,RIGHT(D$3,4)&"-"&LEFT(D$3,2),Data!$F:$F,"Number of Users",Data!$H:$H,"31-40",Data!$I:$I,"") -> 667100 | E19: =SUMIFS(Data!$L:$L,Data!$B:$B,"jomopay",Data!$K:$K,"native",Data!$J:$J,RIGHT(E$3,4)&"-"&LEFT(E$3,2),Data!$F:$F,"Number of Users",Data!$H:$H,"31-40",Data!$I:$I,"") -> 668500 | F19: =SUMIFS(Data!$L:$L,Data!$B:$B,"jomopay",Data!$K:$K,"native",Data!$J:$J,RIGHT(F$3,4)&"-"&LEFT(F$3,2),Data!$F:$F,"Number of Users",Data!$H:$H,"31-40",Data!$I:$I,"") -> 685800 | G19: =SUMIFS(Data!$L:$L,Data!$B:$B,"jomopay",Data!$K:$K,"native",Data!$J:$J,RIGHT(G$3,4)&"-"&LEFT(G$3,2),Data!$F:$F,"Number of Users",Data!$H:$H,"31-40",Data!$I:$I,"") -> 693600 | H19: =SUMIFS(Data!$L:$L,Data!$B:$B,"jomopay",Data!$K:$K,"native",Data!$J:$J,RIGHT(H$3,4)&"-"&LEFT(H$3,2),Data!$F:$F,"Number of Users",Data!$H:$H,"31-40",Data!$I:$I,"") -> 719700 | I19: =SUMIFS(Data!$L:$L,Data!$B:$B,"jomopay",Data!$K:$K,"native",Data!$J:$J,RIGHT(I$3,4)&"-"&LEFT(I$3,2),Data!$F:$F,"Number of Users",Data!$H:$H,"31-40",Data!$I:$I,"") -> 746000 | J19: =SUMIFS(Data!$L:$L,Data!$B:$B,"jomopay",Data!$K:$K,"native",Data!$J:$J,RIGHT(J$3,4)&"-"&LEFT(J$3,2),Data!$F:$F,"Number of Users",Data!$H:$H,"31-40",Data!$I:$I,"") -> 768400
A20: Age | B20: 41-50 | C20: =SUMIFS(Data!$L:$L,Data!$B:$B,"jomopay",Data!$K:$K,"native",Data!$J:$J,RIGHT(C$3,4)&"-"&LEFT(C$3,2),Data!$F:$F,"Number of Users",Data!$H:$H,"41-50",Data!$I:$I,"") -> 455900 | D20: =SUMIFS(Data!$L:$L,Data!$B:$B,"jomopay",Data!$K:$K,"native",Data!$J:$J,RIGHT(D$3,4)&"-"&LEFT(D$3,2),Data!$F:$F,"Number of Users",Data!$H:$H,"41-50",Data!$I:$I,"") -> 502800 | E20: =SUMIFS(Data!$L:$L,Data!$B:$B,"jomopay",Data!$K:$K,"native",Data!$J:$J,RIGHT(E$3,4)&"-"&LEFT(E$3,2),Data!$F:$F,"Number of Users",Data!$H:$H,"41-50",Data!$I:$I,"") -> 504500 | F20: =SUMIFS(Data!$L:$L,Data!$B:$B,"jomopay",Data!$K:$K,"native",Data!$J:$J,RIGHT(F$3,4)&"-"&LEFT(F$3,2),Data!$F:$F,"Number of Users",Data!$H:$H,"41-50",Data!$I:$I,"") -> 518800 | G20: =SUMIFS(Data!$L:$L,Data!$B:$B,"jomopay",Data!$K:$K,"native",Data!$J:$J,RIGHT(G$3,4)&"-"&LEFT(G$3,2),Data!$F:$F,"Number of Users",Data!$H:$H,"41-50",Data!$I:$I,"") -> 521600 | H20: =SUMIFS(Data!$L:$L,Data!$B:$B,"jomopay",Data!$K:$K,"native",Data!$J:$J,RIGHT(H$3,4)&"-"&LEFT(H$3,2),Data!$F:$F,"Number of Users",Data!$H:$H,"41-50",Data!$I:$I,"") -> 539900 | I20: =SUMIFS(Data!$L:$L,Data!$B:$B,"jomopay",Data!$K:$K,"native",Data!$J:$J,RIGHT(I$3,4)&"-"&LEFT(I$3,2),Data!$F:$F,"Number of Users",Data!$H:$H,"41-50",Data!$I:$I,"") -> 560000 | J20: =SUMIFS(Data!$L:$L,Data!$B:$B,"jomopay",Data!$K:$K,"native",Data!$J:$J,RIGHT(J$3,4)&"-"&LEFT(J$3,2),Data!$F:$F,"Number of Users",Data!$H:$H,"41-50",Data!$I:$I,"") -> 577500
A21: Age | B21: 51-60 | C21: =SUMIFS(Data!$L:$L,Data!$B:$B,"jomopay",Data!$K:$K,"native",Data!$J:$J,RIGHT(C$3,4)&"-"&LEFT(C$3,2),Data!$F:$F,"Number of Users",Data!$H:$H,"51-60",Data!$I:$I,"") -> 285100 | D21: =SUMIFS(Data!$L:$L,Data!$B:$B,"jomopay",Data!$K:$K,"native",Data!$J:$J,RIGHT(D$3,4)&"-"&LEFT(D$3,2),Data!$F:$F,"Number of Users",Data!$H:$H,"51-60",Data!$I:$I,"") -> 318300 | E21: =SUMIFS(Data!$L:$L,Data!$B:$B,"jomopay",Data!$K:$K,"native",Data!$J:$J,RIGHT(E$3,4)&"-"&LEFT(E$3,2),Data!$F:$F,"Number of Users",Data!$H:$H,"51-60",Data!$I:$I,"") -> 317000 | F21: =SUMIFS(Data!$L:$L,Data!$B:$B,"jomopay",Data!$K:$K,"native",Data!$J:$J,RIGHT(F$3,4)&"-"&LEFT(F$3,2),Data!$F:$F,"Number of Users",Data!$H:$H,"51-60",Data!$I:$I,"") -> 326600 | G21: =SUMIFS(Data!$L:$L,Data!$B:$B,"jomopay",Data!$K:$K,"native",Data!$J:$J,RIGHT(G$3,4)&"-"&LEFT(G$3,2),Data!$F:$F,"Number of Users",Data!$H:$H,"51-60",Data!$I:$I,"") -> 325500 | H21: =SUMIFS(Data!$L:$L,Data!$B:$B,"jomopay",Data!$K:$K,"native",Data!$J:$J,RIGHT(H$3,4)&"-"&LEFT(H$3,2),Data!$F:$F,"Number of Users",Data!$H:$H,"51-60",Data!$I:$I,"") -> 338700 | I21: =SUMIFS(Data!$L:$L,Data!$B:$B,"jomopay",Data!$K:$K,"native",Data!$J:$J,RIGHT(I$3,4)&"-"&LEFT(I$3,2),Data!$F:$F,"Number of Users",Data!$H:$H,"51-60",Data!$I:$I,"") -> 352100 | J21: =SUMIFS(Data!$L:$L,Data!$B:$B,"jomopay",Data!$K:$K,"native",Data!$J:$J,RIGHT(J$3,4)&"-"&LEFT(J$3,2),Data!$F:$F,"Number of Users",Data!$H:$H,"51-60",Data!$I:$I,"") -> 364100
A22: Age | B22: 61-70 | C22: =SUMIFS(Data!$L:$L,Data!$B:$B,"jomopay",Data!$K:$K,"native",Data!$J:$J,RIGHT(C$3,4)&"-"&LEFT(C$3,2),Data!$F:$F,"Number of Users",Data!$H:$H,"61-70",Data!$I:$I,"") -> 102900 | D22: =SUMIFS(Data!$L:$L,Data!$B:$B,"jomopay",Data!$K:$K,"native",Data!$J:$J,RIGHT(D$3,4)&"-"&LEFT(D$3,2),Data!$F:$F,"Number of Users",Data!$H:$H,"61-70",Data!$I:$I,"") -> 118700 | E22: =SUMIFS(Data!$L:$L,Data!$B:$B,"jomopay",Data!$K:$K,"native",Data!$J:$J,RIGHT(E$3,4)&"-"&LEFT(E$3,2),Data!$F:$F,"Number of Users",Data!$H:$H,"61-70",Data!$I:$I,"") -> 118400 | F22: =SUMIFS(Data!$L:$L,Data!$B:$B,"jomopay",Data!$K:$K,"native",Data!$J:$J,RIGHT(F$3,4)&"-"&LEFT(F$3,2),Data!$F:$F,"Number of Users",Data!$H:$H,"61-70",Data!$I:$I,"") -> 123000 | G22: =SUMIFS(Data!$L:$L,Data!$B:$B,"jomopay",Data!$K:$K,"native",Data!$J:$J,RIGHT(G$3,4)&"-"&LEFT(G$3,2),Data!$F:$F,"Number of Users",Data!$H:$H,"61-70",Data!$I:$I,"") -> 123000 | H22: =SUMIFS(Data!$L:$L,Data!$B:$B,"jomopay",Data!$K:$K,"native",Data!$J:$J,RIGHT(H$3,4)&"-"&LEFT(H$3,2),Data!$F:$F,"Number of Users",Data!$H:$H,"61-70",Data!$I:$I,"") -> 129000 | I22: =SUMIFS(Data!$L:$L,Data!$B:$B,"jomopay",Data!$K:$K,"native",Data!$J:$J,RIGHT(I$3,4)&"-"&LEFT(I$3,2),Data!$F:$F,"Number of Users",Data!$H:$H,"61-70",Data!$I:$I,"") -> 138000 | J22: =SUMIFS(Data!$L:$L,Data!$B:$B,"jomopay",Data!$K:$K,"native",Data!$J:$J,RIGHT(J$3,4)&"-"&LEFT(J$3,2),Data!$F:$F,"Number of Users",Data!$H:$H,"61-70",Data!$I:$I,"") -> 145000
A23: Age | B23: 71-80 | C23: =SUMIFS(Data!$L:$L,Data!$B:$B,"jomopay",Data!$K:$K,"native",Data!$J:$J,RIGHT(C$3,4)&"-"&LEFT(C$3,2),Data!$F:$F,"Number of Users",Data!$H:$H,"71-80",Data!$I:$I,"") -> 34400 | D23: =SUMIFS(Data!$L:$L,Data!$B:$B,"jomopay",Data!$K:$K,"native",Data!$J:$J,RIGHT(D$3,4)&"-"&LEFT(D$3,2),Data!$F:$F,"Number of Users",Data!$H:$H,"71-80",Data!$I:$I,"") -> 39800 | E23: =SUMIFS(Data!$L:$L,Data!$B:$B,"jomopay",Data!$K:$K,"native",Data!$J:$J,RIGHT(E$3,4)&"-"&LEFT(E$3,2),Data!$F:$F,"Number of Users",Data!$H:$H,"71-80",Data!$I:$I,"") -> 36900 | F23: =SUMIFS(Data!$L:$L,Data!$B:$B,"jomopay",Data!$K:$K,"native",Data!$J:$J,RIGHT(F$3,4)&"-"&LEFT(F$3,2),Data!$F:$F,"Number of Users",Data!$H:$H,"71-80",Data!$I:$I,"") -> 37500 | G23: =SUMIFS(Data!$L:$L,Data!$B:$B,"jomopay",Data!$K:$K,"native",Data!$J:$J,RIGHT(G$3,4)&"-"&LEFT(G$3,2),Data!$F:$F,"Number of Users",Data!$H:$H,"71-80",Data!$I:$I,"") -> 35800 | H23: =SUMIFS(Data!$L:$L,Data!$B:$B,"jomopay",Data!$K:$K,"native",Data!$J:$J,RIGHT(H$3,4)&"-"&LEFT(H$3,2),Data!$F:$F,"Number of Users",Data!$H:$H,"71-80",Data!$I:$I,"") -> 37600 | I23: =SUMIFS(Data!$L:$L,Data!$B:$B,"jomopay",Data!$K:$K,"native",Data!$J:$J,RIGHT(I$3,4)&"-"&LEFT(I$3,2),Data!$F:$F,"Number of Users",Data!$H:$H,"71-80",Data!$I:$I,"") -> 39800 | J23: =SUMIFS(Data!$L:$L,Data!$B:$B,"jomopay",Data!$K:$K,"native",Data!$J:$J,RIGHT(J$3,4)&"-"&LEFT(J$3,2),Data!$F:$F,"Number of Users",Data!$H:$H,"71-80",Data!$I:$I,"") -> 41400
A24: Age | B24: 81-90 | C24: =SUMIFS(Data!$L:$L,Data!$B:$B,"jomopay",Data!$K:$K,"native",Data!$J:$J,RIGHT(C$3,4)&"-"&LEFT(C$3,2),Data!$F:$F,"Number of Users",Data!$H:$H,"81-90",Data!$I:$I,"") -> 12600 | D24: =SUMIFS(Data!$L:$L,Data!$B:$B,"jomopay",Data!$K:$K,"native",Data!$J:$J,RIGHT(D$3,4)&"-"&LEFT(D$3,2),Data!$F:$F,"Number of Users",Data!$H:$H,"81-90",Data!$I:$I,"") -> 14400 | E24: =SUMIFS(Data!$L:$L,Data!$B:$B,"jomopay",Data!$K:$K,"native",Data!$J:$J,RIGHT(E$3,4)&"-"&LEFT(E$3,2),Data!$F:$F,"Number of Users",Data!$H:$H,"81-90",Data!$I:$I,"") -> 12500 | F24: =SUMIFS(Data!$L:$L,Data!$B:$B,"jomopay",Data!$K:$K,"native",Data!$J:$J,RIGHT(F$3,4)&"-"&LEFT(F$3,2),Data!$F:$F,"Number of Users",Data!$H:$H,"81-90",Data!$I:$I,"") -> 13900 | G24: =SUMIFS(Data!$L:$L,Data!$B:$B,"jomopay",Data!$K:$K,"native",Data!$J:$J,RIGHT(G$3,4)&"-"&LEFT(G$3,2),Data!$F:$F,"Number of Users",Data!$H:$H,"81-90",Data!$I:$I,"") -> 12700 | H24: =SUMIFS(Data!$L:$L,Data!$B:$B,"jomopay",Data!$K:$K,"native",Data!$J:$J,RIGHT(H$3,4)&"-"&LEFT(H$3,2),Data!$F:$F,"Number of Users",Data!$H:$H,"81-90",Data!$I:$I,"") -> 13000 | I24: =SUMIFS(Data!$L:$L,Data!$B:$B,"jomopay",Data!$K:$K,"native",Data!$J:$J,RIGHT(I$3,4)&"-"&LEFT(I$3,2),Data!$F:$F,"Number of Users",Data!$H:$H,"81-90",Data!$I:$I,"") -> 13300 | J24: =SUMIFS(Data!$L:$L,Data!$B:$B,"jomopay",Data!$K:$K,"native",Data!$J:$J,RIGHT(J$3,4)&"-"&LEFT(J$3,2),Data!$F:$F,"Number of Users",Data!$H:$H,"81-90",Data!$I:$I,"") -> 15000
A25: USERS BY WALLET TYPE (count)
A26: Wallet Type | B26: Personal Wallet | C26: =SUMIFS(Data!$L:$L,Data!$B:$B,"jomopay",Data!$K:$K,"native",Data!$J:$J,RIGHT(C$3,4)&"-"&LEFT(C$3,2),Data!$F:$F,"Number of Wallets",Data!$H:$H,"Personal Wallet",Data!$I:$I,"") -> 2240000 | D26: =SUMIFS(Data!$L:$L,Data!$B:$B,"jomopay",Data!$K:$K,"native",Data!$J:$J,RIGHT(D$3,4)&"-"&LEFT(D$3,2),Data!$F:$F,"Number of Wallets",Data!$H:$H,"Personal Wallet",Data!$I:$I,"") -> 2510000 | E26: =SUMIFS(Data!$L:$L,Data!$B:$B,"jomopay",Data!$K:$K,"native",Data!$J:$J,RIGHT(E$3,4)&"-"&LEFT(E$3,2),Data!$F:$F,"Number of Wallets",Data!$H:$H,"Personal Wallet",Data!$I:$I,"") -> 2520000 | F26: =SUMIFS(Data!$L:$L,Data!$B:$B,"jomopay",Data!$K:$K,"native",Data!$J:$J,RIGHT(F$3,4)&"-"&LEFT(F$3,2),Data!$F:$F,"Number of Wallets",Data!$H:$H,"Personal Wallet",Data!$I:$I,"") -> 2610000 | G26: =SUMIFS(Data!$L:$L,Data!$B:$B,"jomopay",Data!$K:$K,"native",Data!$J:$J,RIGHT(G$3,4)&"-"&LEFT(G$3,2),Data!$F:$F,"Number of Wallets",Data!$H:$H,"Personal Wallet",Data!$I:$I,"") -> 2670000 | H26: =SUMIFS(Data!$L:$L,Data!$B:$B,"jomopay",Data!$K:$K,"native",Data!$J:$J,RIGHT(H$3,4)&"-"&LEFT(H$3,2),Data!$F:$F,"Number of Wallets",Data!$H:$H,"Personal Wallet",Data!$I:$I,"") -> 2780000 | I26: =SUMIFS(Data!$L:$L,Data!$B:$B,"jomopay",Data!$K:$K,"native",Data!$J:$J,RIGHT(I$3,4)&"-"&LEFT(I$3,2),Data!$F:$F,"Number of Wallets",Data!$H:$H,"Personal Wallet",Data!$I:$I,"") -> 2880000 | J26: =SUMIFS(Data!$L:$L,Data!$B:$B,"jomopay",Data!$K:$K,"native",Data!$J:$J,RIGHT(J$3,4)&"-"&LEFT(J$3,2),Data!$F:$F,"Number of Wallets",Data!$H:$H,"Personal Wallet",Data!$I:$I,"") -> 2950000
A27: Wallet Type | B27: Merchant Wallet | C27: =SUMIFS(Data!$L:$L,Data!$B:$B,"jomopay",Data!$K:$K,"native",Data!$J:$J,RIGHT(C$3,4)&"-"&LEFT(C$3,2),Data!$F:$F,"Number of Wallets",Data!$H:$H,"Merchant Wallet",Data!$I:$I,"") -> 4122 | D27: =SUMIFS(Data!$L:$L,Data!$B:$B,"jomopay",Data!$K:$K,"native",Data!$J:$J,RIGHT(D$3,4)&"-"&LEFT(D$3,2),Data!$F:$F,"Number of Wallets",Data!$H:$H,"Merchant Wallet",Data!$I:$I,"") -> 3415 | E27: =SUMIFS(Data!$L:$L,Data!$B:$B,"jomopay",Data!$K:$K,"native",Data!$J:$J,RIGHT(E$3,4)&"-"&LEFT(E$3,2),Data!$F:$F,"Number of Wallets",Data!$H:$H,"Merchant Wallet",Data!$I:$I,"") -> 3329 | F27: =SUMIFS(Data!$L:$L,Data!$B:$B,"jomopay",Data!$K:$K,"native",Data!$J:$J,RIGHT(F$3,4)&"-"&LEFT(F$3,2),Data!$F:$F,"Number of Wallets",Data!$H:$H,"Merchant Wallet",Data!$I:$I,"") -> 3465 | G27: =SUMIFS(Data!$L:$L,Data!$B:$B,"jomopay",Data!$K:$K,"native",Data!$J:$J,RIGHT(G$3,4)&"-"&LEFT(G$3,2),Data!$F:$F,"Number of Wallets",Data!$H:$H,"Merchant Wallet",Data!$I:$I,"") -> 3574 | H27: =SUMIFS(Data!$L:$L,Data!$B:$B,"jomopay",Data!$K:$K,"native",Data!$J:$J,RIGHT(H$3,4)&"-"&LEFT(H$3,2),Data!$F:$F,"Number of Wallets",Data!$H:$H,"Merchant Wallet",Data!$I:$I,"") -> 3716 | I27: =SUMIFS(Data!$L:$L,Data!$B:$B,"jomopay",Data!$K:$K,"native",Data!$J:$J,RIGHT(I$3,4)&"-"&LEFT(I$3,2),Data!$F:$F,"Number of Wallets",Data!$H:$H,"Merchant Wallet",Data!$I:$I,"") -> 4020 | J27: =SUMIFS(Data!$L:$L,Data!$B:$B,"jomopay",Data!$K:$K,"native",Data!$J:$J,RIGHT(J$3,4)&"-"&LEFT(J$3,2),Data!$F:$F,"Number of Wallets",Data!$H:$H,"Merchant Wallet",Data!$I:$I,"") -> 4480
A28: Wallet Type | B28: Agent Wallet | C28: =SUMIFS(Data!$L:$L,Data!$B:$B,"jomopay",Data!$K:$K,"native",Data!$J:$J,RIGHT(C$3,4)&"-"&LEFT(C$3,2),Data!$F:$F,"Number of Wallets",Data!$H:$H,"Agent Wallet",Data!$I:$I,"") -> 1376 | D28: =SUMIFS(Data!$L:$L,Data!$B:$B,"jomopay",Data!$K:$K,"native",Data!$J:$J,RIGHT(D$3,4)&"-"&LEFT(D$3,2),Data!$F:$F,"Number of Wallets",Data!$H:$H,"Agent Wallet",Data!$I:$I,"") -> 1077 | E28: =SUMIFS(Data!$L:$L,Data!$B:$B,"jomopay",Data!$K:$K,"native",Data!$J:$J,RIGHT(E$3,4)&"-"&LEFT(E$3,2),Data!$F:$F,"Number of Wallets",Data!$H:$H,"Agent Wallet",Data!$I:$I,"") -> 918 | F28: =SUMIFS(Data!$L:$L,Data!$B:$B,"jomopay",Data!$K:$K,"native",Data!$J:$J,RIGHT(F$3,4)&"-"&LEFT(F$3,2),Data!$F:$F,"Number of Wallets",Data!$H:$H,"Agent Wallet",Data!$I:$I,"") -> 962 | G28: =SUMIFS(Data!$L:$L,Data!$B:$B,"jomopay",Data!$K:$K,"native",Data!$J:$J,RIGHT(G$3,4)&"-"&LEFT(G$3,2),Data!$F:$F,"Number of Wallets",Data!$H:$H,"Agent Wallet",Data!$I:$I,"") -> 992 | H28: =SUMIFS(Data!$L:$L,Data!$B:$B,"jomopay",Data!$K:$K,"native",Data!$J:$J,RIGHT(H$3,4)&"-"&LEFT(H$3,2),Data!$F:$F,"Number of Wallets",Data!$H:$H,"Agent Wallet",Data!$I:$I,"") -> 1045 | I28: =SUMIFS(Data!$L:$L,Data!$B:$B,"jomopay",Data!$K:$K,"native",Data!$J:$J,RIGHT(I$3,4)&"-"&LEFT(I$3,2),Data!$F:$F,"Number of Wallets",Data!$H:$H,"Agent Wallet",Data!$I:$I,"") -> 1064 | J28: =SUMIFS(Data!$L:$L,Data!$B:$B,"jomopay",Data!$K:$K,"native",Data!$J:$J,RIGHT(J$3,4)&"-"&LEFT(J$3,2),Data!$F:$F,"Number of Wallets",Data!$H:$H,"Agent Wallet",Data!$I:$I,"") -> 1077
A29: Wallet Type | B29: Business Wallet | C29: =SUMIFS(Data!$L:$L,Data!$B:$B,"jomopay",Data!$K:$K,"native",Data!$J:$J,RIGHT(C$3,4)&"-"&LEFT(C$3,2),Data!$F:$F,"Number of Wallets",Data!$H:$H,"Business Wallet",Data!$I:$I,"") -> 1088 | D29: =SUMIFS(Data!$L:$L,Data!$B:$B,"jomopay",Data!$K:$K,"native",Data!$J:$J,RIGHT(D$3,4)&"-"&LEFT(D$3,2),Data!$F:$F,"Number of Wallets",Data!$H:$H,"Business Wallet",Data!$I:$I,"") -> 1149 | E29: =SUMIFS(Data!$L:$L,Data!$B:$B,"jomopay",Data!$K:$K,"native",Data!$J:$J,RIGHT(E$3,4)&"-"&LEFT(E$3,2),Data!$F:$F,"Number of Wallets",Data!$H:$H,"Business Wallet",Data!$I:$I,"") -> 1176 | F29: =SUMIFS(Data!$L:$L,Data!$B:$B,"jomopay",Data!$K:$K,"native",Data!$J:$J,RIGHT(F$3,4)&"-"&LEFT(F$3,2),Data!$F:$F,"Number of Wallets",Data!$H:$H,"Business Wallet",Data!$I:$I,"") -> 1262 | G29: =SUMIFS(Data!$L:$L,Data!$B:$B,"jomopay",Data!$K:$K,"native",Data!$J:$J,RIGHT(G$3,4)&"-"&LEFT(G$3,2),Data!$F:$F,"Number of Wallets",Data!$H:$H,"Business Wallet",Data!$I:$I,"") -> 1388 | H29: =SUMIFS(Data!$L:$L,Data!$B:$B,"jomopay",Data!$K:$K,"native",Data!$J:$J,RIGHT(H$3,4)&"-"&LEFT(H$3,2),Data!$F:$F,"Number of Wallets",Data!$H:$H,"Business Wallet",Data!$I:$I,"") -> 1511 | I29: =SUMIFS(Data!$L:$L,Data!$B:$B,"jomopay",Data!$K:$K,"native",Data!$J:$J,RIGHT(I$3,4)&"-"&LEFT(I$3,2),Data!$F:$F,"Number of Wallets",Data!$H:$H,"Business Wallet",Data!$I:$I,"") -> 1662 | J29: =SUMIFS(Data!$L:$L,Data!$B:$B,"jomopay",Data!$K:$K,"native",Data!$J:$J,RIGHT(J$3,4)&"-"&LEFT(J$3,2),Data!$F:$F,"Number of Wallets",Data!$H:$H,"Business Wallet",Data!$I:$I,"") -> 2035
A30: Wallet Type | B30: Government Wallet | C30: =SUMIFS(Data!$L:$L,Data!$B:$B,"jomopay",Data!$K:$K,"native",Data!$J:$J,RIGHT(C$3,4)&"-"&LEFT(C$3,2),Data!$F:$F,"Number of Wallets",Data!$H:$H,"Government Wallet",Data!$I:$I,"") -> 8 | D30: =SUMIFS(Data!$L:$L,Data!$B:$B,"jomopay",Data!$K:$K,"native",Data!$J:$J,RIGHT(D$3,4)&"-"&LEFT(D$3,2),Data!$F:$F,"Number of Wallets",Data!$H:$H,"Government Wallet",Data!$I:$I,"") -> 7 | E30: =SUMIFS(Data!$L:$L,Data!$B:$B,"jomopay",Data!$K:$K,"native",Data!$J:$J,RIGHT(E$3,4)&"-"&LEFT(E$3,2),Data!$F:$F,"Number of Wallets",Data!$H:$H,"Government Wallet",Data!$I:$I,"") -> 6 | F30: =SUMIFS(Data!$L:$L,Data!$B:$B,"jomopay",Data!$K:$K,"native",Data!$J:$J,RIGHT(F$3,4)&"-"&LEFT(F$3,2),Data!$F:$F,"Number of Wallets",Data!$H:$H,"Government Wallet",Data!$I:$I,"") -> 7 | G30: =SUMIFS(Data!$L:$L,Data!$B:$B,"jomopay",Data!$K:$K,"native",Data!$J:$J,RIGHT(G$3,4)&"-"&LEFT(G$3,2),Data!$F:$F,"Number of Wallets",Data!$H:$H,"Government Wallet",Data!$I:$I,"") -> 7 | H30: =SUMIFS(Data!$L:$L,Data!$B:$B,"jomopay",Data!$K:$K,"native",Data!$J:$J,RIGHT(H$3,4)&"-"&LEFT(H$3,2),Data!$F:$F,"Number of Wallets",Data!$H:$H,"Government Wallet",Data!$I:$I,"") -> 8 | I30: =SUMIFS(Data!$L:$L,Data!$B:$B,"jomopay",Data!$K:$K,"native",Data!$J:$J,RIGHT(I$3,4)&"-"&LEFT(I$3,2),Data!$F:$F,"Number of Wallets",Data!$H:$H,"Government Wallet",Data!$I:$I,"") -> 8 | J30: =SUMIFS(Data!$L:$L,Data!$B:$B,"jomopay",Data!$K:$K,"native",Data!$J:$J,RIGHT(J$3,4)&"-"&LEFT(J$3,2),Data!$F:$F,"Number of Wallets",Data!$H:$H,"Government Wallet",Data!$I:$I,"") -> 8
A31: TRANSACTIONS - OVERVIEW
A32: Transactions | B32: Total Number of Transactions | C32: =SUMIFS(Data!$L:$L,Data!$B:$B,"jomopay",Data!$K:$K,"native",Data!$J:$J,RIGHT(C$3,4)&"-"&LEFT(C$3,2),Data!$F:$F,"Number of Transactions",Data!$H:$H,"",Data!$I:$I,"") -> 15190000 | D32: =SUMIFS(Data!$L:$L,Data!$B:$B,"jomopay",Data!$K:$K,"native",Data!$J:$J,RIGHT(D$3,4)&"-"&LEFT(D$3,2),Data!$F:$F,"Number of Transactions",Data!$H:$H,"",Data!$I:$I,"") -> 17410000 | E32: =SUMIFS(Data!$L:$L,Data!$B:$B,"jomopay",Data!$K:$K,"native",Data!$J:$J,RIGHT(E$3,4)&"-"&LEFT(E$3,2),Data!$F:$F,"Number of Transactions",Data!$H:$H,"",Data!$I:$I,"") -> 19590000 | F32: =SUMIFS(Data!$L:$L,Data!$B:$B,"jomopay",Data!$K:$K,"native",Data!$J:$J,RIGHT(F$3,4)&"-"&LEFT(F$3,2),Data!$F:$F,"Number of Transactions",Data!$H:$H,"",Data!$I:$I,"") -> 23190000 | G32: =SUMIFS(Data!$L:$L,Data!$B:$B,"jomopay",Data!$K:$K,"native",Data!$J:$J,RIGHT(G$3,4)&"-"&LEFT(G$3,2),Data!$F:$F,"Number of Transactions",Data!$H:$H,"",Data!$I:$I,"") -> 28100000 | H32: =SUMIFS(Data!$L:$L,Data!$B:$B,"jomopay",Data!$K:$K,"native",Data!$J:$J,RIGHT(H$3,4)&"-"&LEFT(H$3,2),Data!$F:$F,"Number of Transactions",Data!$H:$H,"",Data!$I:$I,"") -> 31160000 | I32: =SUMIFS(Data!$L:$L,Data!$B:$B,"jomopay",Data!$K:$K,"native",Data!$J:$J,RIGHT(I$3,4)&"-"&LEFT(I$3,2),Data!$F:$F,"Number of Transactions",Data!$H:$H,"",Data!$I:$I,"") -> 35430000 | J32: =SUMIFS(Data!$L:$L,Data!$B:$B,"jomopay",Data!$K:$K,"native",Data!$J:$J,RIGHT(J$3,4)&"-"&LEFT(J$3,2),Data!$F:$F,"Number of Transactions",Data!$H:$H,"",Data!$I:$I,"") -> 43060000
A33: Transactions | B33: Total Value of Transactions (JOD) | C33: =SUMIFS(Data!$L:$L,Data!$B:$B,"jomopay",Data!$K:$K,"native",Data!$J:$J,RIGHT(C$3,4)&"-"&LEFT(C$3,2),Data!$F:$F,"Value of Transactions",Data!$H:$H,"",Data!$I:$I,"") -> 1380000000 | D33: =SUMIFS(Data!$L:$L,Data!$B:$B,"jomopay",Data!$K:$K,"native",Data!$J:$J,RIGHT(D$3,4)&"-"&LEFT(D$3,2),Data!$F:$F,"Value of Transactions",Data!$H:$H,"",Data!$I:$I,"") -> 1410000000 | E33: =SUMIFS(Data!$L:$L,Data!$B:$B,"jomopay",Data!$K:$K,"native",Data!$J:$J,RIGHT(E$3,4)&"-"&LEFT(E$3,2),Data!$F:$F,"Value of Transactions",Data!$H:$H,"",Data!$I:$I,"") -> 1440000000 | F33: =SUMIFS(Data!$L:$L,Data!$B:$B,"jomopay",Data!$K:$K,"native",Data!$J:$J,RIGHT(F$3,4)&"-"&LEFT(F$3,2),Data!$F:$F,"Value of Transactions",Data!$H:$H,"",Data!$I:$I,"") -> 1540000000 | G33: =SUMIFS(Data!$L:$L,Data!$B:$B,"jomopay",Data!$K:$K,"native",Data!$J:$J,RIGHT(G$3,4)&"-"&LEFT(G$3,2),Data!$F:$F,"Value of Transactions",Data!$H:$H,"",Data!$I:$I,"") -> 1720000000 | H33: =SUMIFS(Data!$L:$L,Data!$B:$B,"jomopay",Data!$K:$K,"native",Data!$J:$J,RIGHT(H$3,4)&"-"&LEFT(H$3,2),Data!$F:$F,"Value of Transactions",Data!$H:$H,"",Data!$I:$I,"") -> 1650000000 | I33: =SUMIFS(Data!$L:$L,Data!$B:$B,"jomopay",Data!$K:$K,"native",Data!$J:$J,RIGHT(I$3,4)&"-"&LEFT(I$3,2),Data!$F:$F,"Value of Transactions",Data!$H:$H,"",Data!$I:$I,"") -> 1790000000 | J33: =SUMIFS(Data!$L:$L,Data!$B:$B,"jomopay",Data!$K:$K,"native",Data!$J:$J,RIGHT(J$3,4)&"-"&LEFT(J$3,2),Data!$F:$F,"Value of Transactions",Data!$H:$H,"",Data!$I:$I,"") -> 1970000000
A34: TRANSACTIONS BY TYPE (Number)
A35: Txn Type | B35: Money Transfer | C35: =SUMIFS(Data!$L:$L,Data!$B:$B,"jomopay",Data!$K:$K,"native",Data!$J:$J,RIGHT(C$3,4)&"-"&LEFT(C$3,2),Data!$F:$F,"Number of Transactions",Data!$H:$H,"Money Transfer",Data!$I:$I,"") -> 13750000 | D35: =SUMIFS(Data!$L:$L,Data!$B:$B,"jomopay",Data!$K:$K,"native",Data!$J:$J,RIGHT(D$3,4)&"-"&LEFT(D$3,2),Data!$F:$F,"Number of Transactions",Data!$H:$H,"Money Transfer",Data!$I:$I,"") -> 15890000 | E35: =SUMIFS(Data!$L:$L,Data!$B:$B,"jomopay",Data!$K:$K,"native",Data!$J:$J,RIGHT(E$3,4)&"-"&LEFT(E$3,2),Data!$F:$F,"Number of Transactions",Data!$H:$H,"Money Transfer",Data!$I:$I,"") -> 18140000 | F35: =SUMIFS(Data!$L:$L,Data!$B:$B,"jomopay",Data!$K:$K,"native",Data!$J:$J,RIGHT(F$3,4)&"-"&LEFT(F$3,2),Data!$F:$F,"Number of Transactions",Data!$H:$H,"Money Transfer",Data!$I:$I,"") -> 21330000 | G35: =SUMIFS(Data!$L:$L,Data!$B:$B,"jomopay",Data!$K:$K,"native",Data!$J:$J,RIGHT(G$3,4)&"-"&LEFT(G$3,2),Data!$F:$F,"Number of Transactions",Data!$H:$H,"Money Transfer",Data!$I:$I,"") -> 24800000 | H35: =SUMIFS(Data!$L:$L,Data!$B:$B,"jomopay",Data!$K:$K,"native",Data!$J:$J,RIGHT(H$3,4)&"-"&LEFT(H$3,2),Data!$F:$F,"Number of Transactions",Data!$H:$H,"Money Transfer",Data!$I:$I,"") -> 26360000 | I35: =SUMIFS(Data!$L:$L,Data!$B:$B,"jomopay",Data!$K:$K,"native",Data!$J:$J,RIGHT(I$3,4)&"-"&LEFT(I$3,2),Data!$F:$F,"Number of Transactions",Data!$H:$H,"Money Transfer",Data!$I:$I,"") -> 29950000 | J35: =SUMIFS(Data!$L:$L,Data!$B:$B,"jomopay",Data!$K:$K,"native",Data!$J:$J,RIGHT(J$3,4)&"-"&LEFT(J$3,2),Data!$F:$F,"Number of Transactions",Data!$H:$H,"Money Transfer",Data!$I:$I,"") -> 36050000
A36: Txn Type | B36: Money Transfer (%) | C36: =C$35/C$32 -> 0.90520079 | D36: =D$35/D$32 -> 0.91269385 | E36: =E$35/E$32 -> 0.92598264 | F36: =F$35/F$32 -> 0.91979301 | G36: =G$35/G$32 -> 0.88256228 | H36: =H$35/H$32 -> 0.84595635 | I36: =I$35/I$32 -> 0.84532882 | J36: =J$35/J$32 -> 0.8372039
A37: Txn Type | B37: Purchases | C37: =SUMIFS(Data!$L:$L,Data!$B:$B,"jomopay",Data!$K:$K,"native",Data!$J:$J,RIGHT(C$3,4)&"-"&LEFT(C$3,2),Data!$F:$F,"Number of Transactions",Data!$H:$H,"Purchases",Data!$I:$I,"") -> 583000 | D37: =SUMIFS(Data!$L:$L,Data!$B:$B,"jomopay",Data!$K:$K,"native",Data!$J:$J,RIGHT(D$3,4)&"-"&LEFT(D$3,2),Data!$F:$F,"Number of Transactions",Data!$H:$H,"Purchases",Data!$I:$I,"") -> 597000 | E37: =SUMIFS(Data!$L:$L,Data!$B:$B,"jomopay",Data!$K:$K,"native",Data!$J:$J,RIGHT(E$3,4)&"-"&LEFT(E$3,2),Data!$F:$F,"Number of Transactions",Data!$H:$H,"Purchases",Data!$I:$I,"") -> 599000 | F37: =SUMIFS(Data!$L:$L,Data!$B:$B,"jomopay",Data!$K:$K,"native",Data!$J:$J,RIGHT(F$3,4)&"-"&LEFT(F$3,2),Data!$F:$F,"Number of Transactions",Data!$H:$H,"Purchases",Data!$I:$I,"") -> 1005000 | G37: =SUMIFS(Data!$L:$L,Data!$B:$B,"jomopay",Data!$K:$K,"native",Data!$J:$J,RIGHT(G$3,4)&"-"&LEFT(G$3,2),Data!$F:$F,"Number of Transactions",Data!$H:$H,"Purchases",Data!$I:$I,"") -> 2490000 | H37: =SUMIFS(Data!$L:$L,Data!$B:$B,"jomopay",Data!$K:$K,"native",Data!$J:$J,RIGHT(H$3,4)&"-"&LEFT(H$3,2),Data!$F:$F,"Number of Transactions",Data!$H:$H,"Purchases",Data!$I:$I,"") -> 4510000 | I37: =SUMIFS(Data!$L:$L,Data!$B:$B,"jomopay",Data!$K:$K,"native",Data!$J:$J,RIGHT(I$3,4)&"-"&LEFT(I$3,2),Data!$F:$F,"Number of Transactions",Data!$H:$H,"Purchases",Data!$I:$I,"") -> 5210000 | J37: =SUMIFS(Data!$L:$L,Data!$B:$B,"jomopay",Data!$K:$K,"native",Data!$J:$J,RIGHT(J$3,4)&"-"&LEFT(J$3,2),Data!$F:$F,"Number of Transactions",Data!$H:$H,"Purchases",Data!$I:$I,"") -> 6760000
A38: Txn Type | B38: Purchases (%) | C38: =C$37/C$32 -> 0.038380513 | D38: =D$37/D$32 -> 0.034290638 | E38: =E$37/E$32 -> 0.030576825 | F38: =F$37/F$32 -> 0.043337646 | G38: =G$37/G$32 -> 0.0886121 | H38: =H$37/H$32 -> 0.14473684 | I38: =I$37/I$32 -> 0.14705052 | J38: =J$37/J$32 -> 0.15699025
A39: Txn Type | B39: Cash In | C39: =SUMIFS(Data!$L:$L,Data!$B:$B,"jomopay",Data!$K:$K,"native",Data!$J:$J,RIGHT(C$3,4)&"-"&LEFT(C$3,2),Data!$F:$F,"Number of Transactions",Data!$H:$H,"Cash In",Data!$I:$I,"") -> 339000 | D39: =SUMIFS(Data!$L:$L,Data!$B:$B,"jomopay",Data!$K:$K,"native",Data!$J:$J,RIGHT(D$3,4)&"-"&LEFT(D$3,2),Data!$F:$F,"Number of Transactions",Data!$H:$H,"Cash In",Data!$I:$I,"") -> 367000 | E39: =SUMIFS(Data!$L:$L,Data!$B:$B,"jomopay",Data!$K:$K,"native",Data!$J:$J,RIGHT(E$3,4)&"-"&LEFT(E$3,2),Data!$F:$F,"Number of Transactions",Data!$H:$H,"Cash In",Data!$I:$I,"") -> 340000 | F39: =SUMIFS(Data!$L:$L,Data!$B:$B,"jomopay",Data!$K:$K,"native",Data!$J:$J,RIGHT(F$3,4)&"-"&LEFT(F$3,2),Data!$F:$F,"Number of Transactions",Data!$H:$H,"Cash In",Data!$I:$I,"") -> 357000 | G39: =SUMIFS(Data!$L:$L,Data!$B:$B,"jomopay",Data!$K:$K,"native",Data!$J:$J,RIGHT(G$3,4)&"-"&LEFT(G$3,2),Data!$F:$F,"Number of Transactions",Data!$H:$H,"Cash In",Data!$I:$I,"") -> 329000 | H39: =SUMIFS(Data!$L:$L,Data!$B:$B,"jomopay",Data!$K:$K,"native",Data!$J:$J,RIGHT(H$3,4)&"-"&LEFT(H$3,2),Data!$F:$F,"Number of Transactions",Data!$H:$H,"Cash In",Data!$I:$I,"") -> 66000 | I39: =SUMIFS(Data!$L:$L,Data!$B:$B,"jomopay",Data!$K:$K,"native",Data!$J:$J,RIGHT(I$3,4)&"-"&LEFT(I$3,2),Data!$F:$F,"Number of Transactions",Data!$H:$H,"Cash In",Data!$I:$I,"") -> 62000 | J39: =SUMIFS(Data!$L:$L,Data!$B:$B,"jomopay",Data!$K:$K,"native",Data!$J:$J,RIGHT(J$3,4)&"-"&LEFT(J$3,2),Data!$F:$F,"Number of Transactions",Data!$H:$H,"Cash In",Data!$I:$I,"") -> 62000
A40: Txn Type | B40: Cash In (%) | C40: =C$39/C$32 -> 0.022317314 | D40: =D$39/D$32 -> 0.021079839 | E40: =E$39/E$32 -> 0.017355794 | F40: =F$39/F$32 -> 0.015394567 | G40: =G$39/G$32 -> 0.011708185 | H40: =H$39/H$32 -> 0.0021181001 | I40: =I$39/I$32 -> 0.0017499294 | J40: =J$39/J$32 -> 0.0014398514
A41: Txn Type | B41: Cash Out | C41: =SUMIFS(Data!$L:$L,Data!$B:$B,"jomopay",Data!$K:$K,"native",Data!$J:$J,RIGHT(C$3,4)&"-"&LEFT(C$3,2),Data!$F:$F,"Number of Transactions",Data!$H:$H,"Cash Out",Data!$I:$I,"") -> 517000 | D41: =SUMIFS(Data!$L:$L,Data!$B:$B,"jomopay",Data!$K:$K,"native",Data!$J:$J,RIGHT(D$3,4)&"-"&LEFT(D$3,2),Data!$F:$F,"Number of Transactions",Data!$H:$H,"Cash Out",Data!$I:$I,"") -> 551000 | E41: =SUMIFS(Data!$L:$L,Data!$B:$B,"jomopay",Data!$K:$K,"native",Data!$J:$J,RIGHT(E$3,4)&"-"&LEFT(E$3,2),Data!$F:$F,"Number of Transactions",Data!$H:$H,"Cash Out",Data!$I:$I,"") -> 507000 | F41: =SUMIFS(Data!$L:$L,Data!$B:$B,"jomopay",Data!$K:$K,"native",Data!$J:$J,RIGHT(F$3,4)&"-"&LEFT(F$3,2),Data!$F:$F,"Number of Transactions",Data!$H:$H,"Cash Out",Data!$I:$I,"") -> 498000 | G41: =SUMIFS(Data!$L:$L,Data!$B:$B,"jomopay",Data!$K:$K,"native",Data!$J:$J,RIGHT(G$3,4)&"-"&LEFT(G$3,2),Data!$F:$F,"Number of Transactions",Data!$H:$H,"Cash Out",Data!$I:$I,"") -> 485000 | H41: =SUMIFS(Data!$L:$L,Data!$B:$B,"jomopay",Data!$K:$K,"native",Data!$J:$J,RIGHT(H$3,4)&"-"&LEFT(H$3,2),Data!$F:$F,"Number of Transactions",Data!$H:$H,"Cash Out",Data!$I:$I,"") -> 227000 | I41: =SUMIFS(Data!$L:$L,Data!$B:$B,"jomopay",Data!$K:$K,"native",Data!$J:$J,RIGHT(I$3,4)&"-"&LEFT(I$3,2),Data!$F:$F,"Number of Transactions",Data!$H:$H,"Cash Out",Data!$I:$I,"") -> 215000 | J41: =SUMIFS(Data!$L:$L,Data!$B:$B,"jomopay",Data!$K:$K,"native",Data!$J:$J,RIGHT(J$3,4)&"-"&LEFT(J$3,2),Data!$F:$F,"Number of Transactions",Data!$H:$H,"Cash Out",Data!$I:$I,"") -> 189000
A42: Txn Type | B42: Cash Out (%) | C42: =C$41/C$32 -> 0.03403555 | D42: =D$41/D$32 -> 0.031648478 | E42: =E$41/E$32 -> 0.025880551 | F42: =F$41/F$32 -> 0.021474774 | G42: =G$41/G$32 -> 0.017259786 | H42: =H$41/H$32 -> 0.0072849807 | I42: =I$41/I$32 -> 0.0060683037 | J42: =J$41/J$32 -> 0.0043892243
A43: TRANSACTIONS BY TYPE (Value, JOD)
A44: Txn Type (JOD) | B44: Money Transfer (JOD) | C44: =SUMIFS(Data!$L:$L,Data!$B:$B,"jomopay",Data!$K:$K,"native",Data!$J:$J,RIGHT(C$3,4)&"-"&LEFT(C$3,2),Data!$F:$F,"Value of Transactions",Data!$H:$H,"Money Transfer",Data!$I:$I,"") -> 1190000000 | D44: =SUMIFS(Data!$L:$L,Data!$B:$B,"jomopay",Data!$K:$K,"native",Data!$J:$J,RIGHT(D$3,4)&"-"&LEFT(D$3,2),Data!$F:$F,"Value of Transactions",Data!$H:$H,"Money Transfer",Data!$I:$I,"") -> 1210000000 | E44: =SUMIFS(Data!$L:$L,Data!$B:$B,"jomopay",Data!$K:$K,"native",Data!$J:$J,RIGHT(E$3,4)&"-"&LEFT(E$3,2),Data!$F:$F,"Value of Transactions",Data!$H:$H,"Money Transfer",Data!$I:$I,"") -> 1290000000 | F44: =SUMIFS(Data!$L:$L,Data!$B:$B,"jomopay",Data!$K:$K,"native",Data!$J:$J,RIGHT(F$3,4)&"-"&LEFT(F$3,2),Data!$F:$F,"Value of Transactions",Data!$H:$H,"Money Transfer",Data!$I:$I,"") -> 1370000000 | G44: =SUMIFS(Data!$L:$L,Data!$B:$B,"jomopay",Data!$K:$K,"native",Data!$J:$J,RIGHT(G$3,4)&"-"&LEFT(G$3,2),Data!$F:$F,"Value of Transactions",Data!$H:$H,"Money Transfer",Data!$I:$I,"") -> 1460000000 | H44: =SUMIFS(Data!$L:$L,Data!$B:$B,"jomopay",Data!$K:$K,"native",Data!$J:$J,RIGHT(H$3,4)&"-"&LEFT(H$3,2),Data!$F:$F,"Value of Transactions",Data!$H:$H,"Money Transfer",Data!$I:$I,"") -> 1320000000 | I44: =SUMIFS(Data!$L:$L,Data!$B:$B,"jomopay",Data!$K:$K,"native",Data!$J:$J,RIGHT(I$3,4)&"-"&LEFT(I$3,2),Data!$F:$F,"Value of Transactions",Data!$H:$H,"Money Transfer",Data!$I:$I,"") -> 1400000000 | J44: =SUMIFS(Data!$L:$L,Data!$B:$B,"jomopay",Data!$K:$K,"native",Data!$J:$J,RIGHT(J$3,4)&"-"&LEFT(J$3,2),Data!$F:$F,"Value of Transactions",Data!$H:$H,"Money Transfer",Data!$I:$I,"") -> 1520000000
A45: Txn Type (JOD) | B45: Money Transfer (%) | C45: =C$44/C$33 -> 0.86231884 | D45: =D$44/D$33 -> 0.85815603 | E45: =E$44/E$33 -> 0.89583333 | F45: =F$44/F$33 -> 0.88961039 | G45: =G$44/G$33 -> 0.84883721 | H45: =H$44/H$33 -> 0.8 | I45: =I$44/I$33 -> 0.78212291 | J45: =J$44/J$33 -> 0.7715736
A46: Txn Type (JOD) | B46: Purchases (JOD) | C46: =SUMIFS(Data!$L:$L,Data!$B:$B,"jomopay",Data!$K:$K,"native",Data!$J:$J,RIGHT(C$3,4)&"-"&LEFT(C$3,2),Data!$F:$F,"Value of Transactions",Data!$H:$H,"Purchases",Data!$I:$I,"") -> 46000000 | D46: =SUMIFS(Data!$L:$L,Data!$B:$B,"jomopay",Data!$K:$K,"native",Data!$J:$J,RIGHT(D$3,4)&"-"&LEFT(D$3,2),Data!$F:$F,"Value of Transactions",Data!$H:$H,"Purchases",Data!$I:$I,"") -> 45000000 | E46: =SUMIFS(Data!$L:$L,Data!$B:$B,"jomopay",Data!$K:$K,"native",Data!$J:$J,RIGHT(E$3,4)&"-"&LEFT(E$3,2),Data!$F:$F,"Value of Transactions",Data!$H:$H,"Purchases",Data!$I:$I,"") -> 16000000 | F46: =SUMIFS(Data!$L:$L,Data!$B:$B,"jomopay",Data!$K:$K,"native",Data!$J:$J,RIGHT(F$3,4)&"-"&LEFT(F$3,2),Data!$F:$F,"Value of Transactions",Data!$H:$H,"Purchases",Data!$I:$I,"") -> 38000000 | G46: =SUMIFS(Data!$L:$L,Data!$B:$B,"jomopay",Data!$K:$K,"native",Data!$J:$J,RIGHT(G$3,4)&"-"&LEFT(G$3,2),Data!$F:$F,"Value of Transactions",Data!$H:$H,"Purchases",Data!$I:$I,"") -> 137000000 | H46: =SUMIFS(Data!$L:$L,Data!$B:$B,"jomopay",Data!$K:$K,"native",Data!$J:$J,RIGHT(H$3,4)&"-"&LEFT(H$3,2),Data!$F:$F,"Value of Transactions",Data!$H:$H,"Purchases",Data!$I:$I,"") -> 287000000 | I46: =SUMIFS(Data!$L:$L,Data!$B:$B,"jomopay",Data!$K:$K,"native",Data!$J:$J,RIGHT(I$3,4)&"-"&LEFT(I$3,2),Data!$F:$F,"Value of Transactions",Data!$H:$H,"Purchases",Data!$I:$I,"") -> 347000000 | J46: =SUMIFS(Data!$L:$L,Data!$B:$B,"jomopay",Data!$K:$K,"native",Data!$J:$J,RIGHT(J$3,4)&"-"&LEFT(J$3,2),Data!$F:$F,"Value of Transactions",Data!$H:$H,"Purchases",Data!$I:$I,"") -> 414000000
A47: Txn Type (JOD) | B47: Purchases (%) | C47: =C$46/C$33 -> 0.033333333 | D47: =D$46/D$33 -> 0.031914894 | E47: =E$46/E$33 -> 0.011111111 | F47: =F$46/F$33 -> 0.024675325 | G47: =G$46/G$33 -> 0.079651163 | H47: =H$46/H$33 -> 0.17393939 | I47: =I$46/I$33 -> 0.19385475 | J47: =J$46/J$33 -> 0.21015228
A48: Txn Type (JOD) | B48: Cash In (JOD) | C48: =SUMIFS(Data!$L:$L,Data!$B:$B,"jomopay",Data!$K:$K,"native",Data!$J:$J,RIGHT(C$3,4)&"-"&LEFT(C$3,2),Data!$F:$F,"Value of Transactions",Data!$H:$H,"Cash In",Data!$I:$I,"") -> 60000000 | D48: =SUMIFS(Data!$L:$L,Data!$B:$B,"jomopay",Data!$K:$K,"native",Data!$J:$J,RIGHT(D$3,4)&"-"&LEFT(D$3,2),Data!$F:$F,"Value of Transactions",Data!$H:$H,"Cash In",Data!$I:$I,"") -> 57000000 | E48: =SUMIFS(Data!$L:$L,Data!$B:$B,"jomopay",Data!$K:$K,"native",Data!$J:$J,RIGHT(E$3,4)&"-"&LEFT(E$3,2),Data!$F:$F,"Value of Transactions",Data!$H:$H,"Cash In",Data!$I:$I,"") -> 54000000 | F48: =SUMIFS(Data!$L:$L,Data!$B:$B,"jomopay",Data!$K:$K,"native",Data!$J:$J,RIGHT(F$3,4)&"-"&LEFT(F$3,2),Data!$F:$F,"Value of Transactions",Data!$H:$H,"Cash In",Data!$I:$I,"") -> 56000000 | G48: =SUMIFS(Data!$L:$L,Data!$B:$B,"jomopay",Data!$K:$K,"native",Data!$J:$J,RIGHT(G$3,4)&"-"&LEFT(G$3,2),Data!$F:$F,"Value of Transactions",Data!$H:$H,"Cash In",Data!$I:$I,"") -> 52000000 | H48: =SUMIFS(Data!$L:$L,Data!$B:$B,"jomopay",Data!$K:$K,"native",Data!$J:$J,RIGHT(H$3,4)&"-"&LEFT(H$3,2),Data!$F:$F,"Value of Transactions",Data!$H:$H,"Cash In",Data!$I:$I,"") -> 10000000 | I48: =SUMIFS(Data!$L:$L,Data!$B:$B,"jomopay",Data!$K:$K,"native",Data!$J:$J,RIGHT(I$3,4)&"-"&LEFT(I$3,2),Data!$F:$F,"Value of Transactions",Data!$H:$H,"Cash In",Data!$I:$I,"") -> 11000000 | J48: =SUMIFS(Data!$L:$L,Data!$B:$B,"jomopay",Data!$K:$K,"native",Data!$J:$J,RIGHT(J$3,4)&"-"&LEFT(J$3,2),Data!$F:$F,"Value of Transactions",Data!$H:$H,"Cash In",Data!$I:$I,"") -> 11000000
A49: Txn Type (JOD) | B49: Cash In (%) | C49: =C$48/C$33 -> 0.043478261 | D49: =D$48/D$33 -> 0.040425532 | E49: =E$48/E$33 -> 0.0375 | F49: =F$48/F$33 -> 0.036363636 | G49: =G$48/G$33 -> 0.030232558 | H49: =H$48/H$33 -> 0.0060606061 | I49: =I$48/I$33 -> 0.0061452514 | J49: =J$48/J$33 -> 0.0055837563
A50: Txn Type (JOD) | B50: Cash Out (JOD) | C50: =SUMIFS(Data!$L:$L,Data!$B:$B,"jomopay",Data!$K:$K,"native",Data!$J:$J,RIGHT(C$3,4)&"-"&LEFT(C$3,2),Data!$F:$F,"Value of Transactions",Data!$H:$H,"Cash Out",Data!$I:$I,"") -> 90000000 | D50: =SUMIFS(Data!$L:$L,Data!$B:$B,"jomopay",Data!$K:$K,"native",Data!$J:$J,RIGHT(D$3,4)&"-"&LEFT(D$3,2),Data!$F:$F,"Value of Transactions",Data!$H:$H,"Cash Out",Data!$I:$I,"") -> 88000000 | E50: =SUMIFS(Data!$L:$L,Data!$B:$B,"jomopay",Data!$K:$K,"native",Data!$J:$J,RIGHT(E$3,4)&"-"&LEFT(E$3,2),Data!$F:$F,"Value of Transactions",Data!$H:$H,"Cash Out",Data!$I:$I,"") -> 80000000 | F50: =SUMIFS(Data!$L:$L,Data!$B:$B,"jomopay",Data!$K:$K,"native",Data!$J:$J,RIGHT(F$3,4)&"-"&LEFT(F$3,2),Data!$F:$F,"Value of Transactions",Data!$H:$H,"Cash Out",Data!$I:$I,"") -> 74000000 | G50: =SUMIFS(Data!$L:$L,Data!$B:$B,"jomopay",Data!$K:$K,"native",Data!$J:$J,RIGHT(G$3,4)&"-"&LEFT(G$3,2),Data!$F:$F,"Value of Transactions",Data!$H:$H,"Cash Out",Data!$I:$I,"") -> 74000000 | H50: =SUMIFS(Data!$L:$L,Data!$B:$B,"jomopay",Data!$K:$K,"native",Data!$J:$J,RIGHT(H$3,4)&"-"&LEFT(H$3,2),Data!$F:$F,"Value of Transactions",Data!$H:$H,"Cash Out",Data!$I:$I,"") -> 32000000 | I50: =SUMIFS(Data!$L:$L,Data!$B:$B,"jomopay",Data!$K:$K,"native",Data!$J:$J,RIGHT(I$3,4)&"-"&LEFT(I$3,2),Data!$F:$F,"Value of Transactions",Data!$H:$H,"Cash Out",Data!$I:$I,"") -> 30000000 | J50: =SUMIFS(Data!$L:$L,Data!$B:$B,"jomopay",Data!$K:$K,"native",Data!$J:$J,RIGHT(J$3,4)&"-"&LEFT(J$3,2),Data!$F:$F,"Value of Transactions",Data!$H:$H,"Cash Out",Data!$I:$I,"") -> 28000000
A51: Txn Type (JOD) | B51: Cash Out (%) | C51: =C$50/C$33 -> 0.065217391 | D51: =D$50/D$33 -> 0.062411348 | E51: =E$50/E$33 -> 0.055555556 | F51: =F$50/F$33 -> 0.048051948 | G51: =G$50/G$33 -> 0.043023256 | H51: =H$50/H$33 -> 0.019393939 | I51: =I$50/I$33 -> 0.016759777 | J51: =J$50/J$33 -> 0.014213198
A52: MONEY TRANSFER BY DIRECTION (Number)
A53: Direction | B53: On Us (same PSP) | C53: =SUMIFS(Data!$L:$L,Data!$B:$B,"jomopay",Data!$K:$K,"native",Data!$J:$J,RIGHT(C$3,4)&"-"&LEFT(C$3,2),Data!$F:$F,"Number of Transactions",Data!$H:$H,"Money Transfer",Data!$I:$I,"On Us") -> 4900000 | D53: =SUMIFS(Data!$L:$L,Data!$B:$B,"jomopay",Data!$K:$K,"native",Data!$J:$J,RIGHT(D$3,4)&"-"&LEFT(D$3,2),Data!$F:$F,"Number of Transactions",Data!$H:$H,"Money Transfer",Data!$I:$I,"On Us") -> 5600000 | E53: =SUMIFS(Data!$L:$L,Data!$B:$B,"jomopay",Data!$K:$K,"native",Data!$J:$J,RIGHT(E$3,4)&"-"&LEFT(E$3,2),Data!$F:$F,"Number of Transactions",Data!$H:$H,"Money Transfer",Data!$I:$I,"On Us") -> 6700000 | F53: =SUMIFS(Data!$L:$L,Data!$B:$B,"jomopay",Data!$K:$K,"native",Data!$J:$J,RIGHT(F$3,4)&"-"&LEFT(F$3,2),Data!$F:$F,"Number of Transactions",Data!$H:$H,"Money Transfer",Data!$I:$I,"On Us") -> 8100000 | G53: =SUMIFS(Data!$L:$L,Data!$B:$B,"jomopay",Data!$K:$K,"native",Data!$J:$J,RIGHT(G$3,4)&"-"&LEFT(G$3,2),Data!$F:$F,"Number of Transactions",Data!$H:$H,"Money Transfer",Data!$I:$I,"On Us") -> 9900000 | H53: =SUMIFS(Data!$L:$L,Data!$B:$B,"jomopay",Data!$K:$K,"native",Data!$J:$J,RIGHT(H$3,4)&"-"&LEFT(H$3,2),Data!$F:$F,"Number of Transactions",Data!$H:$H,"Money Transfer",Data!$I:$I,"On Us") -> 10700000 | I53: =SUMIFS(Data!$L:$L,Data!$B:$B,"jomopay",Data!$K:$K,"native",Data!$J:$J,RIGHT(I$3,4)&"-"&LEFT(I$3,2),Data!$F:$F,"Number of Transactions",Data!$H:$H,"Money Transfer",Data!$I:$I,"On Us") -> 13500000 | J53: =SUMIFS(Data!$L:$L,Data!$B:$B,"jomopay",Data!$K:$K,"native",Data!$J:$J,RIGHT(J$3,4)&"-"&LEFT(J$3,2),Data!$F:$F,"Number of Transactions",Data!$H:$H,"Money Transfer",Data!$I:$I,"On Us") -> 16700000
A54: Direction | B54: On Us (%) | C54: =C$53/(C$53+C$55) -> 0.5212766 | D54: =D$53/(D$53+D$55) -> 0.52830189 | E54: =E$53/(E$53+E$55) -> 0.55371901 | F54: =F$53/(F$53+F$55) -> 0.56643357 | G54: =G$53/(G$53+G$55) -> 0.59281437 | H54: =H$53/(H$53+H$55) -> 0.59776536 | I54: =I$53/(I$53+I$55) -> 0.64285714 | J54: =J$53/(J$53+J$55) -> 0.65490196
A55: Direction | B55: Off Us (different PSPs) | C55: =SUMIFS(Data!$L:$L,Data!$B:$B,"jomopay",Data!$K:$K,"native",Data!$J:$J,RIGHT(C$3,4)&"-"&LEFT(C$3,2),Data!$F:$F,"Number of Transactions",Data!$H:$H,"Money Transfer",Data!$I:$I,"Off Us") -> 4500000 | D55: =SUMIFS(Data!$L:$L,Data!$B:$B,"jomopay",Data!$K:$K,"native",Data!$J:$J,RIGHT(D$3,4)&"-"&LEFT(D$3,2),Data!$F:$F,"Number of Transactions",Data!$H:$H,"Money Transfer",Data!$I:$I,"Off Us") -> 5000000 | E55: =SUMIFS(Data!$L:$L,Data!$B:$B,"jomopay",Data!$K:$K,"native",Data!$J:$J,RIGHT(E$3,4)&"-"&LEFT(E$3,2),Data!$F:$F,"Number of Transactions",Data!$H:$H,"Money Transfer",Data!$I:$I,"Off Us") -> 5400000 | F55: =SUMIFS(Data!$L:$L,Data!$B:$B,"jomopay",Data!$K:$K,"native",Data!$J:$J,RIGHT(F$3,4)&"-"&LEFT(F$3,2),Data!$F:$F,"Number of Transactions",Data!$H:$H,"Money Transfer",Data!$I:$I,"Off Us") -> 6200000 | G55: =SUMIFS(Data!$L:$L,Data!$B:$B,"jomopay",Data!$K:$K,"native",Data!$J:$J,RIGHT(G$3,4)&"-"&LEFT(G$3,2),Data!$F:$F,"Number of Transactions",Data!$H:$H,"Money Transfer",Data!$I:$I,"Off Us") -> 6800000 | H55: =SUMIFS(Data!$L:$L,Data!$B:$B,"jomopay",Data!$K:$K,"native",Data!$J:$J,RIGHT(H$3,4)&"-"&LEFT(H$3,2),Data!$F:$F,"Number of Transactions",Data!$H:$H,"Money Transfer",Data!$I:$I,"Off Us") -> 7200000 | I55: =SUMIFS(Data!$L:$L,Data!$B:$B,"jomopay",Data!$K:$K,"native",Data!$J:$J,RIGHT(I$3,4)&"-"&LEFT(I$3,2),Data!$F:$F,"Number of Transactions",Data!$H:$H,"Money Transfer",Data!$I:$I,"Off Us") -> 7500000 | J55: =SUMIFS(Data!$L:$L,Data!$B:$B,"jomopay",Data!$K:$K,"native",Data!$J:$J,RIGHT(J$3,4)&"-"&LEFT(J$3,2),Data!$F:$F,"Number of Transactions",Data!$H:$H,"Money Transfer",Data!$I:$I,"Off Us") -> 8800000
A56: Direction | B56: Off Us (%) | C56: =C$55/(C$55+C$53) -> 0.4787234 | D56: =D$55/(D$55+D$53) -> 0.47169811 | E56: =E$55/(E$55+E$53) -> 0.44628099 | F56: =F$55/(F$55+F$53) -> 0.43356643 | G56: =G$55/(G$55+G$53) -> 0.40718563 | H56: =H$55/(H$55+H$53) -> 0.40223464 | I56: =I$55/(I$55+I$53) -> 0.35714286 | J56: =J$55/(J$55+J$53) -> 0.34509804
A57: MONEY TRANSFER BY DIRECTION (Value, JOD)
A58: Direction (JOD) | B58: On Us (JOD) | C58: =SUMIFS(Data!$L:$L,Data!$B:$B,"jomopay",Data!$K:$K,"native",Data!$J:$J,RIGHT(C$3,4)&"-"&LEFT(C$3,2),Data!$F:$F,"Value of Transactions",Data!$H:$H,"Money Transfer",Data!$I:$I,"On Us") -> 294000000 | D58: =SUMIFS(Data!$L:$L,Data!$B:$B,"jomopay",Data!$K:$K,"native",Data!$J:$J,RIGHT(D$3,4)&"-"&LEFT(D$3,2),Data!$F:$F,"Value of Transactions",Data!$H:$H,"Money Transfer",Data!$I:$I,"On Us") -> 280000000 | E58: =SUMIFS(Data!$L:$L,Data!$B:$B,"jomopay",Data!$K:$K,"native",Data!$J:$J,RIGHT(E$3,4)&"-"&LEFT(E$3,2),Data!$F:$F,"Value of Transactions",Data!$H:$H,"Money Transfer",Data!$I:$I,"On Us") -> 314000000 | F58: =SUMIFS(Data!$L:$L,Data!$B:$B,"jomopay",Data!$K:$K,"native",Data!$J:$J,RIGHT(F$3,4)&"-"&LEFT(F$3,2),Data!$F:$F,"Value of Transactions",Data!$H:$H,"Money Transfer",Data!$I:$I,"On Us") -> 331000000 | G58: =SUMIFS(Data!$L:$L,Data!$B:$B,"jomopay",Data!$K:$K,"native",Data!$J:$J,RIGHT(G$3,4)&"-"&LEFT(G$3,2),Data!$F:$F,"Value of Transactions",Data!$H:$H,"Money Transfer",Data!$I:$I,"On Us") -> 366000000 | H58: =SUMIFS(Data!$L:$L,Data!$B:$B,"jomopay",Data!$K:$K,"native",Data!$J:$J,RIGHT(H$3,4)&"-"&LEFT(H$3,2),Data!$F:$F,"Value of Transactions",Data!$H:$H,"Money Transfer",Data!$I:$I,"On Us") -> 340000000 | I58: =SUMIFS(Data!$L:$L,Data!$B:$B,"jomopay",Data!$K:$K,"native",Data!$J:$J,RIGHT(I$3,4)&"-"&LEFT(I$3,2),Data!$F:$F,"Value of Transactions",Data!$H:$H,"Money Transfer",Data!$I:$I,"On Us") -> 402000000 | J58: =SUMIFS(Data!$L:$L,Data!$B:$B,"jomopay",Data!$K:$K,"native",Data!$J:$J,RIGHT(J$3,4)&"-"&LEFT(J$3,2),Data!$F:$F,"Value of Transactions",Data!$H:$H,"Money Transfer",Data!$I:$I,"On Us") -> 427000000
A59: Direction (JOD) | B59: On Us (%) | C59: =C$58/(C$58+C$60) -> 0.51308901 | D59: =D$58/(D$58+D$60) -> 0.50724638 | E59: =E$58/(E$58+E$60) -> 0.53401361 | F59: =F$58/(F$58+F$60) -> 0.54173486 | G59: =G$58/(G$58+G$60) -> 0.56134969 | H59: =H$58/(H$58+H$60) -> 0.56198347 | I59: =I$58/(I$58+I$60) -> 0.59117647 | J59: =J$58/(J$58+J$60) -> 0.59059474
A60: Direction (JOD) | B60: Off Us (JOD) | C60: =SUMIFS(Data!$L:$L,Data!$B:$B,"jomopay",Data!$K:$K,"native",Data!$J:$J,RIGHT(C$3,4)&"-"&LEFT(C$3,2),Data!$F:$F,"Value of Transactions",Data!$H:$H,"Money Transfer",Data!$I:$I,"Off Us") -> 279000000 | D60: =SUMIFS(Data!$L:$L,Data!$B:$B,"jomopay",Data!$K:$K,"native",Data!$J:$J,RIGHT(D$3,4)&"-"&LEFT(D$3,2),Data!$F:$F,"Value of Transactions",Data!$H:$H,"Money Transfer",Data!$I:$I,"Off Us") -> 272000000 | E60: =SUMIFS(Data!$L:$L,Data!$B:$B,"jomopay",Data!$K:$K,"native",Data!$J:$J,RIGHT(E$3,4)&"-"&LEFT(E$3,2),Data!$F:$F,"Value of Transactions",Data!$H:$H,"Money Transfer",Data!$I:$I,"Off Us") -> 274000000 | F60: =SUMIFS(Data!$L:$L,Data!$B:$B,"jomopay",Data!$K:$K,"native",Data!$J:$J,RIGHT(F$3,4)&"-"&LEFT(F$3,2),Data!$F:$F,"Value of Transactions",Data!$H:$H,"Money Transfer",Data!$I:$I,"Off Us") -> 280000000 | G60: =SUMIFS(Data!$L:$L,Data!$B:$B,"jomopay",Data!$K:$K,"native",Data!$J:$J,RIGHT(G$3,4)&"-"&LEFT(G$3,2),Data!$F:$F,"Value of Transactions",Data!$H:$H,"Money Transfer",Data!$I:$I,"Off Us") -> 286000000 | H60: =SUMIFS(Data!$L:$L,Data!$B:$B,"jomopay",Data!$K:$K,"native",Data!$J:$J,RIGHT(H$3,4)&"-"&LEFT(H$3,2),Data!$F:$F,"Value of Transactions",Data!$H:$H,"Money Transfer",Data!$I:$I,"Off Us") -> 265000000 | I60: =SUMIFS(Data!$L:$L,Data!$B:$B,"jomopay",Data!$K:$K,"native",Data!$J:$J,RIGHT(I$3,4)&"-"&LEFT(I$3,2),Data!$F:$F,"Value of Transactions",Data!$H:$H,"Money Transfer",Data!$I:$I,"Off Us") -> 278000000 | J60: =SUMIFS(Data!$L:$L,Data!$B:$B,"jomopay",Data!$K:$K,"native",Data!$J:$J,RIGHT(J$3,4)&"-"&LEFT(J$3,2),Data!$F:$F,"Value of Transactions",Data!$H:$H,"Money Transfer",Data!$I:$I,"Off Us") -> 296000000
A61: Direction (JOD) | B61: Off Us (%) | C61: =C$60/(C$60+C$58) -> 0.48691099 | D61: =D$60/(D$60+D$58) -> 0.49275362 | E61: =E$60/(E$60+E$58) -> 0.46598639 | F61: =F$60/(F$60+F$58) -> 0.45826514 | G61: =G$60/(G$60+G$58) -> 0.43865031 | H61: =H$60/(H$60+H$58) -> 0.43801653 | I61: =I$60/(I$60+I$58) -> 0.40882353 | J61: =J$60/(J$60+J$58) -> 0.40940526

Sheet eFAWATEERcom
A1: eFAWATEER.com (Bill Payments) - Quarterly Data (Q3 2024 - Q2 2026)
A3: Category | B3: Metric | C3: Q3 2024 | D3: Q4 2024 | E3: Q1 2025 | F3: Q2 2025 | G3: Q3 2025 | H3: Q4 2025 | I3: Q1 2026 | J3: Q2 2026
A4: USERS
A5: Users | B5: Total Registered Users | C5: =SUMIFS(Data!$L:$L,Data!$B:$B,"efawateercom",Data!$K:$K,"native",Data!$J:$J,RIGHT(C$3,4)&"-"&LEFT(C$3,2),Data!$F:$F,"Number of Users",Data!$H:$H,"",Data!$I:$I,"") -> 4430000 | D5: =SUMIFS(Data!$L:$L,Data!$B:$B,"efawateercom",Data!$K:$K,"native",Data!$J:$J,RIGHT(D$3,4)&"-"&LEFT(D$3,2),Data!$F:$F,"Number of Users",Data!$H:$H,"",Data!$I:$I,"") -> 4540000 | E5: =SUMIFS(Data!$L:$L,Data!$B:$B,"efawateercom",Data!$K:$K,"native",Data!$J:$J,RIGHT(E$3,4)&"-"&LEFT(E$3,2),Data!$F:$F,"Number of Users",Data!$H:$H,"",Data!$I:$I,"") -> 4650000 | F5: =SUMIFS(Data!$L:$L,Data!$B:$B,"efawateercom",Data!$K:$K,"native",Data!$J:$J,RIGHT(F$3,4)&"-"&LEFT(F$3,2),Data!$F:$F,"Number of Users",Data!$H:$H,"",Data!$I:$I,"") -> 4760000 | G5: =SUMIFS(Data!$L:$L,Data!$B:$B,"efawateercom",Data!$K:$K,"native",Data!$J:$J,RIGHT(G$3,4)&"-"&LEFT(G$3,2),Data!$F:$F,"Number of Users",Data!$H:$H,"",Data!$I:$I,"") -> 4900000 | H5: =SUMIFS(Data!$L:$L,Data!$B:$B,"efawateercom",Data!$K:$K,"native",Data!$J:$J,RIGHT(H$3,4)&"-"&LEFT(H$3,2),Data!$F:$F,"Number of Users",Data!$H:$H,"",Data!$I:$I,"") -> 5040000 | I5: =SUMIFS(Data!$L:$L,Data!$B:$B,"efawateercom",Data!$K:$K,"native",Data!$J:$J,RIGHT(I$3,4)&"-"&LEFT(I$3,2),Data!$F:$F,"Number of Users",Data!$H:$H,"",Data!$I:$I,"") -> 5170000 | J5: =SUMIFS(Data!$L:$L,Data!$B:$B,"efawateercom",Data!$K:$K,"native",Data!$J:$J,RIGHT(J$3,4)&"-"&LEFT(J$3,2),Data!$F:$F,"Number of Users",Data!$H:$H,"",Data!$I:$I,"") -> 5290000
A6: TRANSACTIONS - OVERVIEW
A7: Transactions | B7: Total Number of Transactions | C7: =SUMIFS(Data!$L:$L,Data!$B:$B,"efawateercom",Data!$K:$K,"native",Data!$J:$J,RIGHT(C$3,4)&"-"&LEFT(C$3,2),Data!$F:$F,"Number of Transactions",Data!$H:$H,"",Data!$I:$I,"") -> 17430000 | D7: =SUMIFS(Data!$L:$L,Data!$B:$B,"efawateercom",Data!$K:$K,"native",Data!$J:$J,RIGHT(D$3,4)&"-"&LEFT(D$3,2),Data!$F:$F,"Number of Transactions",Data!$H:$H,"",Data!$I:$I,"") -> 17610000 | E7: =SUMIFS(Data!$L:$L,Data!$B:$B,"efawateercom",Data!$K:$K,"native",Data!$J:$J,RIGHT(E$3,4)&"-"&LEFT(E$3,2),Data!$F:$F,"Number of Transactions",Data!$H:$H,"",Data!$I:$I,"") -> 17090000 | F7: =SUMIFS(Data!$L:$L,Data!$B:$B,"efawateercom",Data!$K:$K,"native",Data!$J:$J,RIGHT(F$3,4)&"-"&LEFT(F$3,2),Data!$F:$F,"Number of Transactions",Data!$H:$H,"",Data!$I:$I,"") -> 18420000 | G7: =SUMIFS(Data!$L:$L,Data!$B:$B,"efawateercom",Data!$K:$K,"native",Data!$J:$J,RIGHT(G$3,4)&"-"&LEFT(G$3,2),Data!$F:$F,"Number of Transactions",Data!$H:$H,"",Data!$I:$I,"") -> 19670000 | H7: =SUMIFS(Data!$L:$L,Data!$B:$B,"efawateercom",Data!$K:$K,"native",Data!$J:$J,RIGHT(H$3,4)&"-"&LEFT(H$3,2),Data!$F:$F,"Number of Transactions",Data!$H:$H,"",Data!$I:$I,"") -> 20240000 | I7: =SUMIFS(Data!$L:$L,Data!$B:$B,"efawateercom",Data!$K:$K,"native",Data!$J:$J,RIGHT(I$3,4)&"-"&LEFT(I$3,2),Data!$F:$F,"Number of Transactions",Data!$H:$H,"",Data!$I:$I,"") -> 20470000 | J7: =SUMIFS(Data!$L:$L,Data!$B:$B,"efawateercom",Data!$K:$K,"native",Data!$J:$J,RIGHT(J$3,4)&"-"&LEFT(J$3,2),Data!$F:$F,"Number of Transactions",Data!$H:$H,"",Data!$I:$I,"") -> 20520000
A8: Transactions | B8: Total Value of Transactions (JOD) | C8: =SUMIFS(Data!$L:$L,Data!$B:$B,"efawateercom",Data!$K:$K,"native",Data!$J:$J,RIGHT(C$3,4)&"-"&LEFT(C$3,2),Data!$F:$F,"Value of Transactions",Data!$H:$H,"",Data!$I:$I,"") -> 3520000000 | D8: =SUMIFS(Data!$L:$L,Data!$B:$B,"efawateercom",Data!$K:$K,"native",Data!$J:$J,RIGHT(D$3,4)&"-"&LEFT(D$3,2),Data!$F:$F,"Value of Transactions",Data!$H:$H,"",Data!$I:$I,"") -> 3420000000 | E8: =SUMIFS(Data!$L:$L,Data!$B:$B,"efawateercom",Data!$K:$K,"native",Data!$J:$J,RIGHT(E$3,4)&"-"&LEFT(E$3,2),Data!$F:$F,"Value of Transactions",Data!$H:$H,"",Data!$I:$I,"") -> 3670000000 | F8: =SUMIFS(Data!$L:$L,Data!$B:$B,"efawateercom",Data!$K:$K,"native",Data!$J:$J,RIGHT(F$3,4)&"-"&LEFT(F$3,2),Data!$F:$F,"Value of Transactions",Data!$H:$H,"",Data!$I:$I,"") -> 3830000000 | G8: =SUMIFS(Data!$L:$L,Data!$B:$B,"efawateercom",Data!$K:$K,"native",Data!$J:$J,RIGHT(G$3,4)&"-"&LEFT(G$3,2),Data!$F:$F,"Value of Transactions",Data!$H:$H,"",Data!$I:$I,"") -> 4070000000 | H8: =SUMIFS(Data!$L:$L,Data!$B:$B,"efawateercom",Data!$K:$K,"native",Data!$J:$J,RIGHT(H$3,4)&"-"&LEFT(H$3,2),Data!$F:$F,"Value of Transactions",Data!$H:$H,"",Data!$I:$I,"") -> 4420000000 | I8: =SUMIFS(Data!$L:$L,Data!$B:$B,"efawateercom",Data!$K:$K,"native",Data!$J:$J,RIGHT(I$3,4)&"-"&LEFT(I$3,2),Data!$F:$F,"Value of Transactions",Data!$H:$H,"",Data!$I:$I,"") -> 3890000000 | J8: =SUMIFS(Data!$L:$L,Data!$B:$B,"efawateercom",Data!$K:$K,"native",Data!$J:$J,RIGHT(J$3,4)&"-"&LEFT(J$3,2),Data!$F:$F,"Value of Transactions",Data!$H:$H,"",Data!$I:$I,"") -> 3890000000
A9: TRANSACTIONS BY BILLER TYPE (Number)
A10: Biller Type | B10: Telecommunication | C10: =SUMIFS(Data!$L:$L,Data!$B:$B,"efawateercom",Data!$K:$K,"native",Data!$J:$J,RIGHT(C$3,4)&"-"&LEFT(C$3,2),Data!$F:$F,"Number of Transactions",Data!$H:$H,"Telecommunication",Data!$I:$I,"") -> 5680000 | D10: =SUMIFS(Data!$L:$L,Data!$B:$B,"efawateercom",Data!$K:$K,"native",Data!$J:$J,RIGHT(D$3,4)&"-"&LEFT(D$3,2),Data!$F:$F,"Number of Transactions",Data!$H:$H,"Telecommunication",Data!$I:$I,"") -> 5740000 | E10: =SUMIFS(Data!$L:$L,Data!$B:$B,"efawateercom",Data!$K:$K,"native",Data!$J:$J,RIGHT(E$3,4)&"-"&LEFT(E$3,2),Data!$F:$F,"Number of Transactions",Data!$H:$H,"Telecommunication",Data!$I:$I,"") -> 5460000 | F10: =SUMIFS(Data!$L:$L,Data!$B:$B,"efawateercom",Data!$K:$K,"native",Data!$J:$J,RIGHT(F$3,4)&"-"&LEFT(F$3,2),Data!$F:$F,"Number of Transactions",Data!$H:$H,"Telecommunication",Data!$I:$I,"") -> 6280000 | G10: =SUMIFS(Data!$L:$L,Data!$B:$B,"efawateercom",Data!$K:$K,"native",Data!$J:$J,RIGHT(G$3,4)&"-"&LEFT(G$3,2),Data!$F:$F,"Number of Transactions",Data!$H:$H,"Telecommunication",Data!$I:$I,"") -> 6250000 | H10: =SUMIFS(Data!$L:$L,Data!$B:$B,"efawateercom",Data!$K:$K,"native",Data!$J:$J,RIGHT(H$3,4)&"-"&LEFT(H$3,2),Data!$F:$F,"Number of Transactions",Data!$H:$H,"Telecommunication",Data!$I:$I,"") -> 6320000 | I10: =SUMIFS(Data!$L:$L,Data!$B:$B,"efawateercom",Data!$K:$K,"native",Data!$J:$J,RIGHT(I$3,4)&"-"&LEFT(I$3,2),Data!$F:$F,"Number of Transactions",Data!$H:$H,"Telecommunication",Data!$I:$I,"") -> 6310000 | J10: =SUMIFS(Data!$L:$L,Data!$B:$B,"efawateercom",Data!$K:$K,"native",Data!$J:$J,RIGHT(J$3,4)&"-"&LEFT(J$3,2),Data!$F:$F,"Number of Transactions",Data!$H:$H,"Telecommunication",Data!$I:$I,"") -> 6530000
A11: Biller Type | B11: Water and Electricity | C11: =SUMIFS(Data!$L:$L,Data!$B:$B,"efawateercom",Data!$K:$K,"native",Data!$J:$J,RIGHT(C$3,4)&"-"&LEFT(C$3,2),Data!$F:$F,"Number of Transactions",Data!$H:$H,"Water and Electricity",Data!$I:$I,"") -> 4710000 | D11: =SUMIFS(Data!$L:$L,Data!$B:$B,"efawateercom",Data!$K:$K,"native",Data!$J:$J,RIGHT(D$3,4)&"-"&LEFT(D$3,2),Data!$F:$F,"Number of Transactions",Data!$H:$H,"Water and Electricity",Data!$I:$I,"") -> 5040000 | E11: =SUMIFS(Data!$L:$L,Data!$B:$B,"efawateercom",Data!$K:$K,"native",Data!$J:$J,RIGHT(E$3,4)&"-"&LEFT(E$3,2),Data!$F:$F,"Number of Transactions",Data!$H:$H,"Water and Electricity",Data!$I:$I,"") -> 4740000 | F11: =SUMIFS(Data!$L:$L,Data!$B:$B,"efawateercom",Data!$K:$K,"native",Data!$J:$J,RIGHT(F$3,4)&"-"&LEFT(F$3,2),Data!$F:$F,"Number of Transactions",Data!$H:$H,"Water and Electricity",Data!$I:$I,"") -> 5280000 | G11: =SUMIFS(Data!$L:$L,Data!$B:$B,"efawateercom",Data!$K:$K,"native",Data!$J:$J,RIGHT(G$3,4)&"-"&LEFT(G$3,2),Data!$F:$F,"Number of Transactions",Data!$H:$H,"Water and Electricity",Data!$I:$I,"") -> 5490000 | H11: =SUMIFS(Data!$L:$L,Data!$B:$B,"efawateercom",Data!$K:$K,"native",Data!$J:$J,RIGHT(H$3,4)&"-"&LEFT(H$3,2),Data!$F:$F,"Number of Transactions",Data!$H:$H,"Water and Electricity",Data!$I:$I,"") -> 5650000 | I11: =SUMIFS(Data!$L:$L,Data!$B:$B,"efawateercom",Data!$K:$K,"native",Data!$J:$J,RIGHT(I$3,4)&"-"&LEFT(I$3,2),Data!$F:$F,"Number of Transactions",Data!$H:$H,"Water and Electricity",Data!$I:$I,"") -> 5680000 | J11: =SUMIFS(Data!$L:$L,Data!$B:$B,"efawateercom",Data!$K:$K,"native",Data!$J:$J,RIGHT(J$3,4)&"-"&LEFT(J$3,2),Data!$F:$F,"Number of Transactions",Data!$H:$H,"Water and Electricity",Data!$I:$I,"") -> 5820000
A12: Biller Type | B12: Government Service | C12: =SUMIFS(Data!$L:$L,Data!$B:$B,"efawateercom",Data!$K:$K,"native",Data!$J:$J,RIGHT(C$3,4)&"-"&LEFT(C$3,2),Data!$F:$F,"Number of Transactions",Data!$H:$H,"Government Service",Data!$I:$I,"") -> 3460000 | D12: =SUMIFS(Data!$L:$L,Data!$B:$B,"efawateercom",Data!$K:$K,"native",Data!$J:$J,RIGHT(D$3,4)&"-"&LEFT(D$3,2),Data!$F:$F,"Number of Transactions",Data!$H:$H,"Government Service",Data!$I:$I,"") -> 3370000 | E12: =SUMIFS(Data!$L:$L,Data!$B:$B,"efawateercom",Data!$K:$K,"native",Data!$J:$J,RIGHT(E$3,4)&"-"&LEFT(E$3,2),Data!$F:$F,"Number of Transactions",Data!$H:$H,"Government Service",Data!$I:$I,"") -> 3460000 | F12: =SUMIFS(Data!$L:$L,Data!$B:$B,"efawateercom",Data!$K:$K,"native",Data!$J:$J,RIGHT(F$3,4)&"-"&LEFT(F$3,2),Data!$F:$F,"Number of Transactions",Data!$H:$H,"Government Service",Data!$I:$I,"") -> 3210000 | G12: =SUMIFS(Data!$L:$L,Data!$B:$B,"efawateercom",Data!$K:$K,"native",Data!$J:$J,RIGHT(G$3,4)&"-"&LEFT(G$3,2),Data!$F:$F,"Number of Transactions",Data!$H:$H,"Government Service",Data!$I:$I,"") -> 3920000 | H12: =SUMIFS(Data!$L:$L,Data!$B:$B,"efawateercom",Data!$K:$K,"native",Data!$J:$J,RIGHT(H$3,4)&"-"&LEFT(H$3,2),Data!$F:$F,"Number of Transactions",Data!$H:$H,"Government Service",Data!$I:$I,"") -> 4410000 | I12: =SUMIFS(Data!$L:$L,Data!$B:$B,"efawateercom",Data!$K:$K,"native",Data!$J:$J,RIGHT(I$3,4)&"-"&LEFT(I$3,2),Data!$F:$F,"Number of Transactions",Data!$H:$H,"Government Service",Data!$I:$I,"") -> 4590000 | J12: =SUMIFS(Data!$L:$L,Data!$B:$B,"efawateercom",Data!$K:$K,"native",Data!$J:$J,RIGHT(J$3,4)&"-"&LEFT(J$3,2),Data!$F:$F,"Number of Transactions",Data!$H:$H,"Government Service",Data!$I:$I,"") -> 4430000
A13: Biller Type | B13: Wallets and PSPs | C13: =SUMIFS(Data!$L:$L,Data!$B:$B,"efawateercom",Data!$K:$K,"native",Data!$J:$J,RIGHT(C$3,4)&"-"&LEFT(C$3,2),Data!$F:$F,"Number of Transactions",Data!$H:$H,"Wallets and PSPs",Data!$I:$I,"") -> 1590000 | D13: =SUMIFS(Data!$L:$L,Data!$B:$B,"efawateercom",Data!$K:$K,"native",Data!$J:$J,RIGHT(D$3,4)&"-"&LEFT(D$3,2),Data!$F:$F,"Number of Transactions",Data!$H:$H,"Wallets and PSPs",Data!$I:$I,"") -> 1580000 | E13: =SUMIFS(Data!$L:$L,Data!$B:$B,"efawateercom",Data!$K:$K,"native",Data!$J:$J,RIGHT(E$3,4)&"-"&LEFT(E$3,2),Data!$F:$F,"Number of Transactions",Data!$H:$H,"Wallets and PSPs",Data!$I:$I,"") -> 1500000 | F13: =SUMIFS(Data!$L:$L,Data!$B:$B,"efawateercom",Data!$K:$K,"native",Data!$J:$J,RIGHT(F$3,4)&"-"&LEFT(F$3,2),Data!$F:$F,"Number of Transactions",Data!$H:$H,"Wallets and PSPs",Data!$I:$I,"") -> 1660000 | G13: =SUMIFS(Data!$L:$L,Data!$B:$B,"efawateercom",Data!$K:$K,"native",Data!$J:$J,RIGHT(G$3,4)&"-"&LEFT(G$3,2),Data!$F:$F,"Number of Transactions",Data!$H:$H,"Wallets and PSPs",Data!$I:$I,"") -> 1710000 | H13: =SUMIFS(Data!$L:$L,Data!$B:$B,"efawateercom",Data!$K:$K,"native",Data!$J:$J,RIGHT(H$3,4)&"-"&LEFT(H$3,2),Data!$F:$F,"Number of Transactions",Data!$H:$H,"Wallets and PSPs",Data!$I:$I,"") -> 1740000 | I13: =SUMIFS(Data!$L:$L,Data!$B:$B,"efawateercom",Data!$K:$K,"native",Data!$J:$J,RIGHT(I$3,4)&"-"&LEFT(I$3,2),Data!$F:$F,"Number of Transactions",Data!$H:$H,"Wallets and PSPs",Data!$I:$I,"") -> 1680000 | J13: =SUMIFS(Data!$L:$L,Data!$B:$B,"efawateercom",Data!$K:$K,"native",Data!$J:$J,RIGHT(J$3,4)&"-"&LEFT(J$3,2),Data!$F:$F,"Number of Transactions",Data!$H:$H,"Wallets and PSPs",Data!$I:$I,"") -> 1690000
A14: Biller Type | B14: Financial Services | C14: =SUMIFS(Data!$L:$L,Data!$B:$B,"efawateercom",Data!$K:$K,"native",Data!$J:$J,RIGHT(C$3,4)&"-"&LEFT(C$3,2),Data!$F:$F,"Number of Transactions",Data!$H:$H,"Financial Services",Data!$I:$I,"") -> 900000 | D14: =SUMIFS(Data!$L:$L,Data!$B:$B,"efawateercom",Data!$K:$K,"native",Data!$J:$J,RIGHT(D$3,4)&"-"&LEFT(D$3,2),Data!$F:$F,"Number of Transactions",Data!$H:$H,"Financial Services",Data!$I:$I,"") -> 920000 | E14: =SUMIFS(Data!$L:$L,Data!$B:$B,"efawateercom",Data!$K:$K,"native",Data!$J:$J,RIGHT(E$3,4)&"-"&LEFT(E$3,2),Data!$F:$F,"Number of Transactions",Data!$H:$H,"Financial Services",Data!$I:$I,"") -> 870000 | F14: =SUMIFS(Data!$L:$L,Data!$B:$B,"efawateercom",Data!$K:$K,"native",Data!$J:$J,RIGHT(F$3,4)&"-"&LEFT(F$3,2),Data!$F:$F,"Number of Transactions",Data!$H:$H,"Financial Services",Data!$I:$I,"") -> 990000 | G14: =SUMIFS(Data!$L:$L,Data!$B:$B,"efawateercom",Data!$K:$K,"native",Data!$J:$J,RIGHT(G$3,4)&"-"&LEFT(G$3,2),Data!$F:$F,"Number of Transactions",Data!$H:$H,"Financial Services",Data!$I:$I,"") -> 920000 | H14: =SUMIFS(Data!$L:$L,Data!$B:$B,"efawateercom",Data!$K:$K,"native",Data!$J:$J,RIGHT(H$3,4)&"-"&LEFT(H$3,2),Data!$F:$F,"Number of Transactions",Data!$H:$H,"Financial Services",Data!$I:$I,"") -> 970000 | I14: =SUMIFS(Data!$L:$L,Data!$B:$B,"efawateercom",Data!$K:$K,"native",Data!$J:$J,RIGHT(I$3,4)&"-"&LEFT(I$3,2),Data!$F:$F,"Number of Transactions",Data!$H:$H,"Financial Services",Data!$I:$I,"") -> 950000 | J14: =SUMIFS(Data!$L:$L,Data!$B:$B,"efawateercom",Data!$K:$K,"native",Data!$J:$J,RIGHT(J$3,4)&"-"&LEFT(J$3,2),Data!$F:$F,"Number of Transactions",Data!$H:$H,"Financial Services",Data!$I:$I,"") -> 940000
A15: Biller Type | B15: Education | C15: =SUMIFS(Data!$L:$L,Data!$B:$B,"efawateercom",Data!$K:$K,"native",Data!$J:$J,RIGHT(C$3,4)&"-"&LEFT(C$3,2),Data!$F:$F,"Number of Transactions",Data!$H:$H,"Education",Data!$I:$I,"") -> 440000 | D15: =SUMIFS(Data!$L:$L,Data!$B:$B,"efawateercom",Data!$K:$K,"native",Data!$J:$J,RIGHT(D$3,4)&"-"&LEFT(D$3,2),Data!$F:$F,"Number of Transactions",Data!$H:$H,"Education",Data!$I:$I,"") -> 290000 | E15: =SUMIFS(Data!$L:$L,Data!$B:$B,"efawateercom",Data!$K:$K,"native",Data!$J:$J,RIGHT(E$3,4)&"-"&LEFT(E$3,2),Data!$F:$F,"Number of Transactions",Data!$H:$H,"Education",Data!$I:$I,"") -> 360000 | F15: =SUMIFS(Data!$L:$L,Data!$B:$B,"efawateercom",Data!$K:$K,"native",Data!$J:$J,RIGHT(F$3,4)&"-"&LEFT(F$3,2),Data!$F:$F,"Number of Transactions",Data!$H:$H,"Education",Data!$I:$I,"") -> 270000 | G15: =SUMIFS(Data!$L:$L,Data!$B:$B,"efawateercom",Data!$K:$K,"native",Data!$J:$J,RIGHT(G$3,4)&"-"&LEFT(G$3,2),Data!$F:$F,"Number of Transactions",Data!$H:$H,"Education",Data!$I:$I,"") -> 570000 | H15: =SUMIFS(Data!$L:$L,Data!$B:$B,"efawateercom",Data!$K:$K,"native",Data!$J:$J,RIGHT(H$3,4)&"-"&LEFT(H$3,2),Data!$F:$F,"Number of Transactions",Data!$H:$H,"Education",Data!$I:$I,"") -> 360000 | I15: =SUMIFS(Data!$L:$L,Data!$B:$B,"efawateercom",Data!$K:$K,"native",Data!$J:$J,RIGHT(I$3,4)&"-"&LEFT(I$3,2),Data!$F:$F,"Number of Transactions",Data!$H:$H,"Education",Data!$I:$I,"") -> 470000 | J15: =SUMIFS(Data!$L:$L,Data!$B:$B,"efawateercom",Data!$K:$K,"native",Data!$J:$J,RIGHT(J$3,4)&"-"&LEFT(J$3,2),Data!$F:$F,"Number of Transactions",Data!$H:$H,"Education",Data!$I:$I,"") -> 340000
A16: Biller Type | B16: Travel & Transportation | C16: =SUMIFS(Data!$L:$L,Data!$B:$B,"efawateercom",Data!$K:$K,"native",Data!$J:$J,RIGHT(C$3,4)&"-"&LEFT(C$3,2),Data!$F:$F,"Number of Transactions",Data!$H:$H,"Travel & Transportation",Data!$I:$I,"") -> 120000 | D16: =SUMIFS(Data!$L:$L,Data!$B:$B,"efawateercom",Data!$K:$K,"native",Data!$J:$J,RIGHT(D$3,4)&"-"&LEFT(D$3,2),Data!$F:$F,"Number of Transactions",Data!$H:$H,"Travel & Transportation",Data!$I:$I,"") -> 130000 | E16: =SUMIFS(Data!$L:$L,Data!$B:$B,"efawateercom",Data!$K:$K,"native",Data!$J:$J,RIGHT(E$3,4)&"-"&LEFT(E$3,2),Data!$F:$F,"Number of Transactions",Data!$H:$H,"Travel & Transportation",Data!$I:$I,"") -> 120000 | F16: =SUMIFS(Data!$L:$L,Data!$B:$B,"efawateercom",Data!$K:$K,"native",Data!$J:$J,RIGHT(F$3,4)&"-"&LEFT(F$3,2),Data!$F:$F,"Number of Transactions",Data!$H:$H,"Travel & Transportation",Data!$I:$I,"") -> 160000 | G16: =SUMIFS(Data!$L:$L,Data!$B:$B,"efawateercom",Data!$K:$K,"native",Data!$J:$J,RIGHT(G$3,4)&"-"&LEFT(G$3,2),Data!$F:$F,"Number of Transactions",Data!$H:$H,"Travel & Transportation",Data!$I:$I,"") -> 190000 | H16: =SUMIFS(Data!$L:$L,Data!$B:$B,"efawateercom",Data!$K:$K,"native",Data!$J:$J,RIGHT(H$3,4)&"-"&LEFT(H$3,2),Data!$F:$F,"Number of Transactions",Data!$H:$H,"Travel & Transportation",Data!$I:$I,"") -> 180000 | I16: =SUMIFS(Data!$L:$L,Data!$B:$B,"efawateercom",Data!$K:$K,"native",Data!$J:$J,RIGHT(I$3,4)&"-"&LEFT(I$3,2),Data!$F:$F,"Number of Transactions",Data!$H:$H,"Travel & Transportation",Data!$I:$I,"") -> 160000 | J16: =SUMIFS(Data!$L:$L,Data!$B:$B,"efawateercom",Data!$K:$K,"native",Data!$J:$J,RIGHT(J$3,4)&"-"&LEFT(J$3,2),Data!$F:$F,"Number of Transactions",Data!$H:$H,"Travel & Transportation",Data!$I:$I,"") -> 170000
A17: Biller Type | B17: Trading and Services | C17: =SUMIFS(Data!$L:$L,Data!$B:$B,"efawateercom",Data!$K:$K,"native",Data!$J:$J,RIGHT(C$3,4)&"-"&LEFT(C$3,2),Data!$F:$F,"Number of Transactions",Data!$H:$H,"Trading and Services",Data!$I:$I,"") -> 120000 | D17: =SUMIFS(Data!$L:$L,Data!$B:$B,"efawateercom",Data!$K:$K,"native",Data!$J:$J,RIGHT(D$3,4)&"-"&LEFT(D$3,2),Data!$F:$F,"Number of Transactions",Data!$H:$H,"Trading and Services",Data!$I:$I,"") -> 110000 | E17: =SUMIFS(Data!$L:$L,Data!$B:$B,"efawateercom",Data!$K:$K,"native",Data!$J:$J,RIGHT(E$3,4)&"-"&LEFT(E$3,2),Data!$F:$F,"Number of Transactions",Data!$H:$H,"Trading and Services",Data!$I:$I,"") -> 100000 | F17: =SUMIFS(Data!$L:$L,Data!$B:$B,"efawateercom",Data!$K:$K,"native",Data!$J:$J,RIGHT(F$3,4)&"-"&LEFT(F$3,2),Data!$F:$F,"Number of Transactions",Data!$H:$H,"Trading and Services",Data!$I:$I,"") -> 110000 | G17: =SUMIFS(Data!$L:$L,Data!$B:$B,"efawateercom",Data!$K:$K,"native",Data!$J:$J,RIGHT(G$3,4)&"-"&LEFT(G$3,2),Data!$F:$F,"Number of Transactions",Data!$H:$H,"Trading and Services",Data!$I:$I,"") -> 140000 | H17: =SUMIFS(Data!$L:$L,Data!$B:$B,"efawateercom",Data!$K:$K,"native",Data!$J:$J,RIGHT(H$3,4)&"-"&LEFT(H$3,2),Data!$F:$F,"Number of Transactions",Data!$H:$H,"Trading and Services",Data!$I:$I,"") -> 140000 | I17: =SUMIFS(Data!$L:$L,Data!$B:$B,"efawateercom",Data!$K:$K,"native",Data!$J:$J,RIGHT(I$3,4)&"-"&LEFT(I$3,2),Data!$F:$F,"Number of Transactions",Data!$H:$H,"Trading and Services",Data!$I:$I,"") -> 80000 | J17: =SUMIFS(Data!$L:$L,Data!$B:$B,"efawateercom",Data!$K:$K,"native",Data!$J:$J,RIGHT(J$3,4)&"-"&LEFT(J$3,2),Data!$F:$F,"Number of Transactions",Data!$H:$H,"Trading and Services",Data!$I:$I,"") -> 90000
A18: Biller Type | B18: Associations and Organizations | C18: =SUMIFS(Data!$L:$L,Data!$B:$B,"efawateercom",Data!$K:$K,"native",Data!$J:$J,RIGHT(C$3,4)&"-"&LEFT(C$3,2),Data!$F:$F,"Number of Transactions",Data!$H:$H,"Associations and Organizations",Data!$I:$I,"") -> 90000 | D18: =SUMIFS(Data!$L:$L,Data!$B:$B,"efawateercom",Data!$K:$K,"native",Data!$J:$J,RIGHT(D$3,4)&"-"&LEFT(D$3,2),Data!$F:$F,"Number of Transactions",Data!$H:$H,"Associations and Organizations",Data!$I:$I,"") -> 100000 | E18: =SUMIFS(Data!$L:$L,Data!$B:$B,"efawateercom",Data!$K:$K,"native",Data!$J:$J,RIGHT(E$3,4)&"-"&LEFT(E$3,2),Data!$F:$F,"Number of Transactions",Data!$H:$H,"Associations and Organizations",Data!$I:$I,"") -> 150000 | F18: =SUMIFS(Data!$L:$L,Data!$B:$B,"efawateercom",Data!$K:$K,"native",Data!$J:$J,RIGHT(F$3,4)&"-"&LEFT(F$3,2),Data!$F:$F,"Number of Transactions",Data!$H:$H,"Associations and Organizations",Data!$I:$I,"") -> 100000 | G18: =SUMIFS(Data!$L:$L,Data!$B:$B,"efawateercom",Data!$K:$K,"native",Data!$J:$J,RIGHT(G$3,4)&"-"&LEFT(G$3,2),Data!$F:$F,"Number of Transactions",Data!$H:$H,"Associations and Organizations",Data!$I:$I,"") -> 100000 | H18: =SUMIFS(Data!$L:$L,Data!$B:$B,"efawateercom",Data!$K:$K,"native",Data!$J:$J,RIGHT(H$3,4)&"-"&LEFT(H$3,2),Data!$F:$F,"Number of Transactions",Data!$H:$H,"Associations and Organizations",Data!$I:$I,"") -> 110000 | I18: =SUMIFS(Data!$L:$L,Data!$B:$B,"efawateercom",Data!$K:$K,"native",Data!$J:$J,RIGHT(I$3,4)&"-"&LEFT(I$3,2),Data!$F:$F,"Number of Transactions",Data!$H:$H,"Associations and Organizations",Data!$I:$I,"") -> 160000 | J18: =SUMIFS(Data!$L:$L,Data!$B:$B,"efawateercom",Data!$K:$K,"native",Data!$J:$J,RIGHT(J$3,4)&"-"&LEFT(J$3,2),Data!$F:$F,"Number of Transactions",Data!$H:$H,"Associations and Organizations",Data!$I:$I,"") -> 110000
A19: Biller Type | B19: Gas and Energy | C19: =SUMIFS(Data!$L:$L,Data!$B:$B,"efawateercom",Data!$K:$K,"native",Data!$J:$J,RIGHT(C$3,4)&"-"&LEFT(C$3,2),Data!$F:$F,"Number of Transactions",Data!$H:$H,"Gas And Energy",Data!$I:$I,"") -> 70000 | D19: =SUMIFS(Data!$L:$L,Data!$B:$B,"efawateercom",Data!$K:$K,"native",Data!$J:$J,RIGHT(D$3,4)&"-"&LEFT(D$3,2),Data!$F:$F,"Number of Transactions",Data!$H:$H,"Gas And Energy",Data!$I:$I,"") -> 80000 | E19: =SUMIFS(Data!$L:$L,Data!$B:$B,"efawateercom",Data!$K:$K,"native",Data!$J:$J,RIGHT(E$3,4)&"-"&LEFT(E$3,2),Data!$F:$F,"Number of Transactions",Data!$H:$H,"Gas And Energy",Data!$I:$I,"") -> 80000 | F19: =SUMIFS(Data!$L:$L,Data!$B:$B,"efawateercom",Data!$K:$K,"native",Data!$J:$J,RIGHT(F$3,4)&"-"&LEFT(F$3,2),Data!$F:$F,"Number of Transactions",Data!$H:$H,"Gas And Energy",Data!$I:$I,"") -> 90000 | G19: =SUMIFS(Data!$L:$L,Data!$B:$B,"efawateercom",Data!$K:$K,"native",Data!$J:$J,RIGHT(G$3,4)&"-"&LEFT(G$3,2),Data!$F:$F,"Number of Transactions",Data!$H:$H,"Gas And Energy",Data!$I:$I,"") -> 100000 | H19: =SUMIFS(Data!$L:$L,Data!$B:$B,"efawateercom",Data!$K:$K,"native",Data!$J:$J,RIGHT(H$3,4)&"-"&LEFT(H$3,2),Data!$F:$F,"Number of Transactions",Data!$H:$H,"Gas And Energy",Data!$I:$I,"") -> 110000 | I19: =SUMIFS(Data!$L:$L,Data!$B:$B,"efawateercom",Data!$K:$K,"native",Data!$J:$J,RIGHT(I$3,4)&"-"&LEFT(I$3,2),Data!$F:$F,"Number of Transactions",Data!$H:$H,"Gas And Energy",Data!$I:$I,"") -> 110000 | J19: =SUMIFS(Data!$L:$L,Data!$B:$B,"efawateercom",Data!$K:$K,"native",Data!$J:$J,RIGHT(J$3,4)&"-"&LEFT(J$3,2),Data!$F:$F,"Number of Transactions",Data!$H:$H,"Gas And Energy",Data!$I:$I,"") -> 110000
A20: TRANSACTIONS BY PAYMENT METHOD (Number)
A21: Payment Method | B21: Digital | C21: =SUMIFS(Data!$L:$L,Data!$B:$B,"efawateercom",Data!$K:$K,"native",Data!$J:$J,RIGHT(C$3,4)&"-"&LEFT(C$3,2),Data!$F:$F,"Number of Transactions",Data!$H:$H,"Digital",Data!$I:$I,"") -> 13800000 | D21: =SUMIFS(Data!$L:$L,Data!$B:$B,"efawateercom",Data!$K:$K,"native",Data!$J:$J,RIGHT(D$3,4)&"-"&LEFT(D$3,2),Data!$F:$F,"Number of Transactions",Data!$H:$H,"Digital",Data!$I:$I,"") -> 14000000 | E21: =SUMIFS(Data!$L:$L,Data!$B:$B,"efawateercom",Data!$K:$K,"native",Data!$J:$J,RIGHT(E$3,4)&"-"&LEFT(E$3,2),Data!$F:$F,"Number of Transactions",Data!$H:$H,"Digital",Data!$I:$I,"") -> 13800000 | F21: =SUMIFS(Data!$L:$L,Data!$B:$B,"efawateercom",Data!$K:$K,"native",Data!$J:$J,RIGHT(F$3,4)&"-"&LEFT(F$3,2),Data!$F:$F,"Number of Transactions",Data!$H:$H,"Digital",Data!$I:$I,"") -> 15200000 | G21: =SUMIFS(Data!$L:$L,Data!$B:$B,"efawateercom",Data!$K:$K,"native",Data!$J:$J,RIGHT(G$3,4)&"-"&LEFT(G$3,2),Data!$F:$F,"Number of Transactions",Data!$H:$H,"Digital",Data!$I:$I,"") -> 16000000 | H21: =SUMIFS(Data!$L:$L,Data!$B:$B,"efawateercom",Data!$K:$K,"native",Data!$J:$J,RIGHT(H$3,4)&"-"&LEFT(H$3,2),Data!$F:$F,"Number of Transactions",Data!$H:$H,"Digital",Data!$I:$I,"") -> 16000000 | I21: =SUMIFS(Data!$L:$L,Data!$B:$B,"efawateercom",Data!$K:$K,"native",Data!$J:$J,RIGHT(I$3,4)&"-"&LEFT(I$3,2),Data!$F:$F,"Number of Transactions",Data!$H:$H,"Digital",Data!$I:$I,"") -> 16700000 | J21: =SUMIFS(Data!$L:$L,Data!$B:$B,"efawateercom",Data!$K:$K,"native",Data!$J:$J,RIGHT(J$3,4)&"-"&LEFT(J$3,2),Data!$F:$F,"Number of Transactions",Data!$H:$H,"Digital",Data!$I:$I,"") -> 16900000
A22: Payment Method | B22: Digital (%) | C22: =C$21/C$7 -> 0.79173838 | D22: =D$21/D$7 -> 0.79500284 | E22: =E$21/E$7 -> 0.80748976 | F22: =F$21/F$7 -> 0.82519001 | G22: =G$21/G$7 -> 0.81342145 | H22: =H$21/H$7 -> 0.79051383 | I22: =I$21/I$7 -> 0.81582804 | J22: =J$21/J$7 -> 0.82358674
A23: Payment Method | B23: Cash | C23: =SUMIFS(Data!$L:$L,Data!$B:$B,"efawateercom",Data!$K:$K,"native",Data!$J:$J,RIGHT(C$3,4)&"-"&LEFT(C$3,2),Data!$F:$F,"Number of Transactions",Data!$H:$H,"Cash",Data!$I:$I,"") -> 3700000 | D23: =SUMIFS(Data!$L:$L,Data!$B:$B,"efawateercom",Data!$K:$K,"native",Data!$J:$J,RIGHT(D$3,4)&"-"&LEFT(D$3,2),Data!$F:$F,"Number of Transactions",Data!$H:$H,"Cash",Data!$I:$I,"") -> 3600000 | E23: =SUMIFS(Data!$L:$L,Data!$B:$B,"efawateercom",Data!$K:$K,"native",Data!$J:$J,RIGHT(E$3,4)&"-"&LEFT(E$3,2),Data!$F:$F,"Number of Transactions",Data!$H:$H,"Cash",Data!$I:$I,"") -> 3300000 | F23: =SUMIFS(Data!$L:$L,Data!$B:$B,"efawateercom",Data!$K:$K,"native",Data!$J:$J,RIGHT(F$3,4)&"-"&LEFT(F$3,2),Data!$F:$F,"Number of Transactions",Data!$H:$H,"Cash",Data!$I:$I,"") -> 3200000 | G23: =SUMIFS(Data!$L:$L,Data!$B:$B,"efawateercom",Data!$K:$K,"native",Data!$J:$J,RIGHT(G$3,4)&"-"&LEFT(G$3,2),Data!$F:$F,"Number of Transactions",Data!$H:$H,"Cash",Data!$I:$I,"") -> 3600000 | H23: =SUMIFS(Data!$L:$L,Data!$B:$B,"efawateercom",Data!$K:$K,"native",Data!$J:$J,RIGHT(H$3,4)&"-"&LEFT(H$3,2),Data!$F:$F,"Number of Transactions",Data!$H:$H,"Cash",Data!$I:$I,"") -> 4000000 | I23: =SUMIFS(Data!$L:$L,Data!$B:$B,"efawateercom",Data!$K:$K,"native",Data!$J:$J,RIGHT(I$3,4)&"-"&LEFT(I$3,2),Data!$F:$F,"Number of Transactions",Data!$H:$H,"Cash",Data!$I:$I,"") -> 3700000 | J23: =SUMIFS(Data!$L:$L,Data!$B:$B,"efawateercom",Data!$K:$K,"native",Data!$J:$J,RIGHT(J$3,4)&"-"&LEFT(J$3,2),Data!$F:$F,"Number of Transactions",Data!$H:$H,"Cash",Data!$I:$I,"") -> 3600000
A24: Payment Method | B24: Cash (%) | C24: =C$23/C$7 -> 0.21227768 | D24: =D$23/D$7 -> 0.2044293 | E24: =E$23/E$7 -> 0.19309538 | F24: =F$23/F$7 -> 0.17372421 | G24: =G$23/G$7 -> 0.18301983 | H24: =H$23/H$7 -> 0.19762846 | I24: =I$23/I$7 -> 0.18075232 | J24: =J$23/J$7 -> 0.1754386
A25: TRANSACTIONS BY PAYMENT METHOD (Value, JOD)
A26: Payment Method (JOD) | B26: Digital (JOD) | C26: =SUMIFS(Data!$L:$L,Data!$B:$B,"efawateercom",Data!$K:$K,"native",Data!$J:$J,RIGHT(C$3,4)&"-"&LEFT(C$3,2),Data!$F:$F,"Value of Transactions",Data!$H:$H,"Digital",Data!$I:$I,"") -> 2800000000 | D26: =SUMIFS(Data!$L:$L,Data!$B:$B,"efawateercom",Data!$K:$K,"native",Data!$J:$J,RIGHT(D$3,4)&"-"&LEFT(D$3,2),Data!$F:$F,"Value of Transactions",Data!$H:$H,"Digital",Data!$I:$I,"") -> 2800000000 | E26: =SUMIFS(Data!$L:$L,Data!$B:$B,"efawateercom",Data!$K:$K,"native",Data!$J:$J,RIGHT(E$3,4)&"-"&LEFT(E$3,2),Data!$F:$F,"Value of Transactions",Data!$H:$H,"Digital",Data!$I:$I,"") -> 2900000000 | F26: =SUMIFS(Data!$L:$L,Data!$B:$B,"efawateercom",Data!$K:$K,"native",Data!$J:$J,RIGHT(F$3,4)&"-"&LEFT(F$3,2),Data!$F:$F,"Value of Transactions",Data!$H:$H,"Digital",Data!$I:$I,"") -> 3100000000 | G26: =SUMIFS(Data!$L:$L,Data!$B:$B,"efawateercom",Data!$K:$K,"native",Data!$J:$J,RIGHT(G$3,4)&"-"&LEFT(G$3,2),Data!$F:$F,"Value of Transactions",Data!$H:$H,"Digital",Data!$I:$I,"") -> 3200000000 | H26: =SUMIFS(Data!$L:$L,Data!$B:$B,"efawateercom",Data!$K:$K,"native",Data!$J:$J,RIGHT(H$3,4)&"-"&LEFT(H$3,2),Data!$F:$F,"Value of Transactions",Data!$H:$H,"Digital",Data!$I:$I,"") -> 3300000000 | I26: =SUMIFS(Data!$L:$L,Data!$B:$B,"efawateercom",Data!$K:$K,"native",Data!$J:$J,RIGHT(I$3,4)&"-"&LEFT(I$3,2),Data!$F:$F,"Value of Transactions",Data!$H:$H,"Digital",Data!$I:$I,"") -> 3300000000 | J26: =SUMIFS(Data!$L:$L,Data!$B:$B,"efawateercom",Data!$K:$K,"native",Data!$J:$J,RIGHT(J$3,4)&"-"&LEFT(J$3,2),Data!$F:$F,"Value of Transactions",Data!$H:$H,"Digital",Data!$I:$I,"") -> 3400000000
A27: Payment Method (JOD) | B27: Digital (%) | C27: =C$26/C$8 -> 0.79545455 | D27: =D$26/D$8 -> 0.81871345 | E27: =E$26/E$8 -> 0.79019074 | F27: =F$26/F$8 -> 0.80939948 | G27: =G$26/G$8 -> 0.78624079 | H27: =H$26/H$8 -> 0.74660633 | I27: =I$26/I$8 -> 0.84832905 | J27: =J$26/J$8 -> 0.87403599
A28: Payment Method (JOD) | B28: Cash (JOD) | C28: =SUMIFS(Data!$L:$L,Data!$B:$B,"efawateercom",Data!$K:$K,"native",Data!$J:$J,RIGHT(C$3,4)&"-"&LEFT(C$3,2),Data!$F:$F,"Value of Transactions",Data!$H:$H,"Cash",Data!$I:$I,"") -> 709000000 | D28: =SUMIFS(Data!$L:$L,Data!$B:$B,"efawateercom",Data!$K:$K,"native",Data!$J:$J,RIGHT(D$3,4)&"-"&LEFT(D$3,2),Data!$F:$F,"Value of Transactions",Data!$H:$H,"Cash",Data!$I:$I,"") -> 655000000 | E28: =SUMIFS(Data!$L:$L,Data!$B:$B,"efawateercom",Data!$K:$K,"native",Data!$J:$J,RIGHT(E$3,4)&"-"&LEFT(E$3,2),Data!$F:$F,"Value of Transactions",Data!$H:$H,"Cash",Data!$I:$I,"") -> 772000000 | F28: =SUMIFS(Data!$L:$L,Data!$B:$B,"efawateercom",Data!$K:$K,"native",Data!$J:$J,RIGHT(F$3,4)&"-"&LEFT(F$3,2),Data!$F:$F,"Value of Transactions",Data!$H:$H,"Cash",Data!$I:$I,"") -> 747000000 | G28: =SUMIFS(Data!$L:$L,Data!$B:$B,"efawateercom",Data!$K:$K,"native",Data!$J:$J,RIGHT(G$3,4)&"-"&LEFT(G$3,2),Data!$F:$F,"Value of Transactions",Data!$H:$H,"Cash",Data!$I:$I,"") -> 875000000 | H28: =SUMIFS(Data!$L:$L,Data!$B:$B,"efawateercom",Data!$K:$K,"native",Data!$J:$J,RIGHT(H$3,4)&"-"&LEFT(H$3,2),Data!$F:$F,"Value of Transactions",Data!$H:$H,"Cash",Data!$I:$I,"") -> 1100000000 | I28: =SUMIFS(Data!$L:$L,Data!$B:$B,"efawateercom",Data!$K:$K,"native",Data!$J:$J,RIGHT(I$3,4)&"-"&LEFT(I$3,2),Data!$F:$F,"Value of Transactions",Data!$H:$H,"Cash",Data!$I:$I,"") -> 568000000 | J28: =SUMIFS(Data!$L:$L,Data!$B:$B,"efawateercom",Data!$K:$K,"native",Data!$J:$J,RIGHT(J$3,4)&"-"&LEFT(J$3,2),Data!$F:$F,"Value of Transactions",Data!$H:$H,"Cash",Data!$I:$I,"") -> 459000000
A29: Payment Method (JOD) | B29: Cash (%) | C29: =C$28/C$8 -> 0.20142045 | D29: =D$28/D$8 -> 0.19152047 | E29: =E$28/E$8 -> 0.21035422 | F29: =F$28/F$8 -> 0.19503916 | G29: =G$28/G$8 -> 0.21498771 | H29: =H$28/H$8 -> 0.24886878 | I29: =I$28/I$8 -> 0.14601542 | J29: =J$28/J$8 -> 0.11799486
A30: TRANSACTIONS BY BILLER TYPE (Value, JOD)
A31: Biller Type (JOD) | B31: Telecommunication | C31: =SUMIFS(Data!$L:$L,Data!$B:$B,"efawateercom",Data!$K:$K,"native",Data!$J:$J,RIGHT(C$3,4)&"-"&LEFT(C$3,2),Data!$F:$F,"Value of Transactions",Data!$H:$H,"Telecommunication",Data!$I:$I,"") -> 90600000 | D31: =SUMIFS(Data!$L:$L,Data!$B:$B,"efawateercom",Data!$K:$K,"native",Data!$J:$J,RIGHT(D$3,4)&"-"&LEFT(D$3,2),Data!$F:$F,"Value of Transactions",Data!$H:$H,"Telecommunication",Data!$I:$I,"") -> 92500000 | E31: =SUMIFS(Data!$L:$L,Data!$B:$B,"efawateercom",Data!$K:$K,"native",Data!$J:$J,RIGHT(E$3,4)&"-"&LEFT(E$3,2),Data!$F:$F,"Value of Transactions",Data!$H:$H,"Telecommunication",Data!$I:$I,"") -> 90100000 | F31: =SUMIFS(Data!$L:$L,Data!$B:$B,"efawateercom",Data!$K:$K,"native",Data!$J:$J,RIGHT(F$3,4)&"-"&LEFT(F$3,2),Data!$F:$F,"Value of Transactions",Data!$H:$H,"Telecommunication",Data!$I:$I,"") -> 100400000 | G31: =SUMIFS(Data!$L:$L,Data!$B:$B,"efawateercom",Data!$K:$K,"native",Data!$J:$J,RIGHT(G$3,4)&"-"&LEFT(G$3,2),Data!$F:$F,"Value of Transactions",Data!$H:$H,"Telecommunication",Data!$I:$I,"") -> 100300000 | H31: =SUMIFS(Data!$L:$L,Data!$B:$B,"efawateercom",Data!$K:$K,"native",Data!$J:$J,RIGHT(H$3,4)&"-"&LEFT(H$3,2),Data!$F:$F,"Value of Transactions",Data!$H:$H,"Telecommunication",Data!$I:$I,"") -> 103400000 | I31: =SUMIFS(Data!$L:$L,Data!$B:$B,"efawateercom",Data!$K:$K,"native",Data!$J:$J,RIGHT(I$3,4)&"-"&LEFT(I$3,2),Data!$F:$F,"Value of Transactions",Data!$H:$H,"Telecommunication",Data!$I:$I,"") -> 103600000 | J31: =SUMIFS(Data!$L:$L,Data!$B:$B,"efawateercom",Data!$K:$K,"native",Data!$J:$J,RIGHT(J$3,4)&"-"&LEFT(J$3,2),Data!$F:$F,"Value of Transactions",Data!$H:$H,"Telecommunication",Data!$I:$I,"") -> 106800000
A32: Biller Type (JOD) | B32: Water and Electricity | C32: =SUMIFS(Data!$L:$L,Data!$B:$B,"efawateercom",Data!$K:$K,"native",Data!$J:$J,RIGHT(C$3,4)&"-"&LEFT(C$3,2),Data!$F:$F,"Value of Transactions",Data!$H:$H,"Water and Electricity",Data!$I:$I,"") -> 222200000 | D32: =SUMIFS(Data!$L:$L,Data!$B:$B,"efawateercom",Data!$K:$K,"native",Data!$J:$J,RIGHT(D$3,4)&"-"&LEFT(D$3,2),Data!$F:$F,"Value of Transactions",Data!$H:$H,"Water and Electricity",Data!$I:$I,"") -> 201600000 | E32: =SUMIFS(Data!$L:$L,Data!$B:$B,"efawateercom",Data!$K:$K,"native",Data!$J:$J,RIGHT(E$3,4)&"-"&LEFT(E$3,2),Data!$F:$F,"Value of Transactions",Data!$H:$H,"Water and Electricity",Data!$I:$I,"") -> 203900000 | F32: =SUMIFS(Data!$L:$L,Data!$B:$B,"efawateercom",Data!$K:$K,"native",Data!$J:$J,RIGHT(F$3,4)&"-"&LEFT(F$3,2),Data!$F:$F,"Value of Transactions",Data!$H:$H,"Water and Electricity",Data!$I:$I,"") -> 207800000 | G32: =SUMIFS(Data!$L:$L,Data!$B:$B,"efawateercom",Data!$K:$K,"native",Data!$J:$J,RIGHT(G$3,4)&"-"&LEFT(G$3,2),Data!$F:$F,"Value of Transactions",Data!$H:$H,"Water and Electricity",Data!$I:$I,"") -> 261300000 | H32: =SUMIFS(Data!$L:$L,Data!$B:$B,"efawateercom",Data!$K:$K,"native",Data!$J:$J,RIGHT(H$3,4)&"-"&LEFT(H$3,2),Data!$F:$F,"Value of Transactions",Data!$H:$H,"Water and Electricity",Data!$I:$I,"") -> 231000000 | I32: =SUMIFS(Data!$L:$L,Data!$B:$B,"efawateercom",Data!$K:$K,"native",Data!$J:$J,RIGHT(I$3,4)&"-"&LEFT(I$3,2),Data!$F:$F,"Value of Transactions",Data!$H:$H,"Water and Electricity",Data!$I:$I,"") -> 249300000 | J32: =SUMIFS(Data!$L:$L,Data!$B:$B,"efawateercom",Data!$K:$K,"native",Data!$J:$J,RIGHT(J$3,4)&"-"&LEFT(J$3,2),Data!$F:$F,"Value of Transactions",Data!$H:$H,"Water and Electricity",Data!$I:$I,"") -> 233000000
A33: Biller Type (JOD) | B33: Government Service | C33: =SUMIFS(Data!$L:$L,Data!$B:$B,"efawateercom",Data!$K:$K,"native",Data!$J:$J,RIGHT(C$3,4)&"-"&LEFT(C$3,2),Data!$F:$F,"Value of Transactions",Data!$H:$H,"Government Service",Data!$I:$I,"") -> 2146400000 | D33: =SUMIFS(Data!$L:$L,Data!$B:$B,"efawateercom",Data!$K:$K,"native",Data!$J:$J,RIGHT(D$3,4)&"-"&LEFT(D$3,2),Data!$F:$F,"Value of Transactions",Data!$H:$H,"Government Service",Data!$I:$I,"") -> 2093100000 | E33: =SUMIFS(Data!$L:$L,Data!$B:$B,"efawateercom",Data!$K:$K,"native",Data!$J:$J,RIGHT(E$3,4)&"-"&LEFT(E$3,2),Data!$F:$F,"Value of Transactions",Data!$H:$H,"Government Service",Data!$I:$I,"") -> 2200000000 | F33: =SUMIFS(Data!$L:$L,Data!$B:$B,"efawateercom",Data!$K:$K,"native",Data!$J:$J,RIGHT(F$3,4)&"-"&LEFT(F$3,2),Data!$F:$F,"Value of Transactions",Data!$H:$H,"Government Service",Data!$I:$I,"") -> 2400000000 | G33: =SUMIFS(Data!$L:$L,Data!$B:$B,"efawateercom",Data!$K:$K,"native",Data!$J:$J,RIGHT(G$3,4)&"-"&LEFT(G$3,2),Data!$F:$F,"Value of Transactions",Data!$H:$H,"Government Service",Data!$I:$I,"") -> 2300000000 | H33: =SUMIFS(Data!$L:$L,Data!$B:$B,"efawateercom",Data!$K:$K,"native",Data!$J:$J,RIGHT(H$3,4)&"-"&LEFT(H$3,2),Data!$F:$F,"Value of Transactions",Data!$H:$H,"Government Service",Data!$I:$I,"") -> 2500000000 | I33: =SUMIFS(Data!$L:$L,Data!$B:$B,"efawateercom",Data!$K:$K,"native",Data!$J:$J,RIGHT(I$3,4)&"-"&LEFT(I$3,2),Data!$F:$F,"Value of Transactions",Data!$H:$H,"Government Service",Data!$I:$I,"") -> 2500000000 | J33: =SUMIFS(Data!$L:$L,Data!$B:$B,"efawateercom",Data!$K:$K,"native",Data!$J:$J,RIGHT(J$3,4)&"-"&LEFT(J$3,2),Data!$F:$F,"Value of Transactions",Data!$H:$H,"Government Service",Data!$I:$I,"") -> 2600000000
A34: Biller Type (JOD) | B34: Wallets and PSPs | C34: =SUMIFS(Data!$L:$L,Data!$B:$B,"efawateercom",Data!$K:$K,"native",Data!$J:$J,RIGHT(C$3,4)&"-"&LEFT(C$3,2),Data!$F:$F,"Value of Transactions",Data!$H:$H,"Wallets and PSPs",Data!$I:$I,"") -> 635400000 | D34: =SUMIFS(Data!$L:$L,Data!$B:$B,"efawateercom",Data!$K:$K,"native",Data!$J:$J,RIGHT(D$3,4)&"-"&LEFT(D$3,2),Data!$F:$F,"Value of Transactions",Data!$H:$H,"Wallets and PSPs",Data!$I:$I,"") -> 646900000 | E34: =SUMIFS(Data!$L:$L,Data!$B:$B,"efawateercom",Data!$K:$K,"native",Data!$J:$J,RIGHT(E$3,4)&"-"&LEFT(E$3,2),Data!$F:$F,"Value of Transactions",Data!$H:$H,"Wallets and PSPs",Data!$I:$I,"") -> 735500000 | F34: =SUMIFS(Data!$L:$L,Data!$B:$B,"efawateercom",Data!$K:$K,"native",Data!$J:$J,RIGHT(F$3,4)&"-"&LEFT(F$3,2),Data!$F:$F,"Value of Transactions",Data!$H:$H,"Wallets and PSPs",Data!$I:$I,"") -> 738900000 | G34: =SUMIFS(Data!$L:$L,Data!$B:$B,"efawateercom",Data!$K:$K,"native",Data!$J:$J,RIGHT(G$3,4)&"-"&LEFT(G$3,2),Data!$F:$F,"Value of Transactions",Data!$H:$H,"Wallets and PSPs",Data!$I:$I,"") -> 871300000 | H34: =SUMIFS(Data!$L:$L,Data!$B:$B,"efawateercom",Data!$K:$K,"native",Data!$J:$J,RIGHT(H$3,4)&"-"&LEFT(H$3,2),Data!$F:$F,"Value of Transactions",Data!$H:$H,"Wallets and PSPs",Data!$I:$I,"") -> 1100000000 | I34: =SUMIFS(Data!$L:$L,Data!$B:$B,"efawateercom",Data!$K:$K,"native",Data!$J:$J,RIGHT(I$3,4)&"-"&LEFT(I$3,2),Data!$F:$F,"Value of Transactions",Data!$H:$H,"Wallets and PSPs",Data!$I:$I,"") -> 566400000 | J34: =SUMIFS(Data!$L:$L,Data!$B:$B,"efawateercom",Data!$K:$K,"native",Data!$J:$J,RIGHT(J$3,4)&"-"&LEFT(J$3,2),Data!$F:$F,"Value of Transactions",Data!$H:$H,"Wallets and PSPs",Data!$I:$I,"") -> 485600000
A35: Biller Type (JOD) | B35: Financial Services | C35: =SUMIFS(Data!$L:$L,Data!$B:$B,"efawateercom",Data!$K:$K,"native",Data!$J:$J,RIGHT(C$3,4)&"-"&LEFT(C$3,2),Data!$F:$F,"Value of Transactions",Data!$H:$H,"Financial Services",Data!$I:$I,"") -> 126400000 | D35: =SUMIFS(Data!$L:$L,Data!$B:$B,"efawateercom",Data!$K:$K,"native",Data!$J:$J,RIGHT(D$3,4)&"-"&LEFT(D$3,2),Data!$F:$F,"Value of Transactions",Data!$H:$H,"Financial Services",Data!$I:$I,"") -> 135100000 | E35: =SUMIFS(Data!$L:$L,Data!$B:$B,"efawateercom",Data!$K:$K,"native",Data!$J:$J,RIGHT(E$3,4)&"-"&LEFT(E$3,2),Data!$F:$F,"Value of Transactions",Data!$H:$H,"Financial Services",Data!$I:$I,"") -> 129100000 | F35: =SUMIFS(Data!$L:$L,Data!$B:$B,"efawateercom",Data!$K:$K,"native",Data!$J:$J,RIGHT(F$3,4)&"-"&LEFT(F$3,2),Data!$F:$F,"Value of Transactions",Data!$H:$H,"Financial Services",Data!$I:$I,"") -> 143600000 | G35: =SUMIFS(Data!$L:$L,Data!$B:$B,"efawateercom",Data!$K:$K,"native",Data!$J:$J,RIGHT(G$3,4)&"-"&LEFT(G$3,2),Data!$F:$F,"Value of Transactions",Data!$H:$H,"Financial Services",Data!$I:$I,"") -> 143800000 | H35: =SUMIFS(Data!$L:$L,Data!$B:$B,"efawateercom",Data!$K:$K,"native",Data!$J:$J,RIGHT(H$3,4)&"-"&LEFT(H$3,2),Data!$F:$F,"Value of Transactions",Data!$H:$H,"Financial Services",Data!$I:$I,"") -> 169600000 | I35: =SUMIFS(Data!$L:$L,Data!$B:$B,"efawateercom",Data!$K:$K,"native",Data!$J:$J,RIGHT(I$3,4)&"-"&LEFT(I$3,2),Data!$F:$F,"Value of Transactions",Data!$H:$H,"Financial Services",Data!$I:$I,"") -> 187200000 | J35: =SUMIFS(Data!$L:$L,Data!$B:$B,"efawateercom",Data!$K:$K,"native",Data!$J:$J,RIGHT(J$3,4)&"-"&LEFT(J$3,2),Data!$F:$F,"Value of Transactions",Data!$H:$H,"Financial Services",Data!$I:$I,"") -> 189400000
A36: Biller Type (JOD) | B36: Education | C36: =SUMIFS(Data!$L:$L,Data!$B:$B,"efawateercom",Data!$K:$K,"native",Data!$J:$J,RIGHT(C$3,4)&"-"&LEFT(C$3,2),Data!$F:$F,"Value of Transactions",Data!$H:$H,"Education",Data!$I:$I,"") -> 139700000 | D36: =SUMIFS(Data!$L:$L,Data!$B:$B,"efawateercom",Data!$K:$K,"native",Data!$J:$J,RIGHT(D$3,4)&"-"&LEFT(D$3,2),Data!$F:$F,"Value of Transactions",Data!$H:$H,"Education",Data!$I:$I,"") -> 92800000 | E36: =SUMIFS(Data!$L:$L,Data!$B:$B,"efawateercom",Data!$K:$K,"native",Data!$J:$J,RIGHT(E$3,4)&"-"&LEFT(E$3,2),Data!$F:$F,"Value of Transactions",Data!$H:$H,"Education",Data!$I:$I,"") -> 118200000 | F36: =SUMIFS(Data!$L:$L,Data!$B:$B,"efawateercom",Data!$K:$K,"native",Data!$J:$J,RIGHT(F$3,4)&"-"&LEFT(F$3,2),Data!$F:$F,"Value of Transactions",Data!$H:$H,"Education",Data!$I:$I,"") -> 54000000 | G36: =SUMIFS(Data!$L:$L,Data!$B:$B,"efawateercom",Data!$K:$K,"native",Data!$J:$J,RIGHT(G$3,4)&"-"&LEFT(G$3,2),Data!$F:$F,"Value of Transactions",Data!$H:$H,"Education",Data!$I:$I,"") -> 175400000 | H36: =SUMIFS(Data!$L:$L,Data!$B:$B,"efawateercom",Data!$K:$K,"native",Data!$J:$J,RIGHT(H$3,4)&"-"&LEFT(H$3,2),Data!$F:$F,"Value of Transactions",Data!$H:$H,"Education",Data!$I:$I,"") -> 91500000 | I36: =SUMIFS(Data!$L:$L,Data!$B:$B,"efawateercom",Data!$K:$K,"native",Data!$J:$J,RIGHT(I$3,4)&"-"&LEFT(I$3,2),Data!$F:$F,"Value of Transactions",Data!$H:$H,"Education",Data!$I:$I,"") -> 134500000 | J36: =SUMIFS(Data!$L:$L,Data!$B:$B,"efawateercom",Data!$K:$K,"native",Data!$J:$J,RIGHT(J$3,4)&"-"&LEFT(J$3,2),Data!$F:$F,"Value of Transactions",Data!$H:$H,"Education",Data!$I:$I,"") -> 67300000
A37: Biller Type (JOD) | B37: Travel & Transportation | C37: =SUMIFS(Data!$L:$L,Data!$B:$B,"efawateercom",Data!$K:$K,"native",Data!$J:$J,RIGHT(C$3,4)&"-"&LEFT(C$3,2),Data!$F:$F,"Value of Transactions",Data!$H:$H,"Travel & Transportation",Data!$I:$I,"") -> 20900000 | D37: =SUMIFS(Data!$L:$L,Data!$B:$B,"efawateercom",Data!$K:$K,"native",Data!$J:$J,RIGHT(D$3,4)&"-"&LEFT(D$3,2),Data!$F:$F,"Value of Transactions",Data!$H:$H,"Travel & Transportation",Data!$I:$I,"") -> 16200000 | E37: =SUMIFS(Data!$L:$L,Data!$B:$B,"efawateercom",Data!$K:$K,"native",Data!$J:$J,RIGHT(E$3,4)&"-"&LEFT(E$3,2),Data!$F:$F,"Value of Transactions",Data!$H:$H,"Travel & Transportation",Data!$I:$I,"") -> 15200000 | F37: =SUMIFS(Data!$L:$L,Data!$B:$B,"efawateercom",Data!$K:$K,"native",Data!$J:$J,RIGHT(F$3,4)&"-"&LEFT(F$3,2),Data!$F:$F,"Value of Transactions",Data!$H:$H,"Travel & Transportation",Data!$I:$I,"") -> 14700000 | G37: =SUMIFS(Data!$L:$L,Data!$B:$B,"efawateercom",Data!$K:$K,"native",Data!$J:$J,RIGHT(G$3,4)&"-"&LEFT(G$3,2),Data!$F:$F,"Value of Transactions",Data!$H:$H,"Travel & Transportation",Data!$I:$I,"") -> 21300000 | H37: =SUMIFS(Data!$L:$L,Data!$B:$B,"efawateercom",Data!$K:$K,"native",Data!$J:$J,RIGHT(H$3,4)&"-"&LEFT(H$3,2),Data!$F:$F,"Value of Transactions",Data!$H:$H,"Travel & Transportation",Data!$I:$I,"") -> 17800000 | I37: =SUMIFS(Data!$L:$L,Data!$B:$B,"efawateercom",Data!$K:$K,"native",Data!$J:$J,RIGHT(I$3,4)&"-"&LEFT(I$3,2),Data!$F:$F,"Value of Transactions",Data!$H:$H,"Travel & Transportation",Data!$I:$I,"") -> 18800000 | J37: =SUMIFS(Data!$L:$L,Data!$B:$B,"efawateercom",Data!$K:$K,"native",Data!$J:$J,RIGHT(J$3,4)&"-"&LEFT(J$3,2),Data!$F:$F,"Value of Transactions",Data!$H:$H,"Travel & Transportation",Data!$I:$I,"") -> 24400000
A38: Biller Type (JOD) | B38: Trading and Services | C38: =SUMIFS(Data!$L:$L,Data!$B:$B,"efawateercom",Data!$K:$K,"native",Data!$J:$J,RIGHT(C$3,4)&"-"&LEFT(C$3,2),Data!$F:$F,"Value of Transactions",Data!$H:$H,"Trading and Services",Data!$I:$I,"") -> 35300000 | D38: =SUMIFS(Data!$L:$L,Data!$B:$B,"efawateercom",Data!$K:$K,"native",Data!$J:$J,RIGHT(D$3,4)&"-"&LEFT(D$3,2),Data!$F:$F,"Value of Transactions",Data!$H:$H,"Trading and Services",Data!$I:$I,"") -> 38900000 | E38: =SUMIFS(Data!$L:$L,Data!$B:$B,"efawateercom",Data!$K:$K,"native",Data!$J:$J,RIGHT(E$3,4)&"-"&LEFT(E$3,2),Data!$F:$F,"Value of Transactions",Data!$H:$H,"Trading and Services",Data!$I:$I,"") -> 34300000 | F38: =SUMIFS(Data!$L:$L,Data!$B:$B,"efawateercom",Data!$K:$K,"native",Data!$J:$J,RIGHT(F$3,4)&"-"&LEFT(F$3,2),Data!$F:$F,"Value of Transactions",Data!$H:$H,"Trading and Services",Data!$I:$I,"") -> 37500000 | G38: =SUMIFS(Data!$L:$L,Data!$B:$B,"efawateercom",Data!$K:$K,"native",Data!$J:$J,RIGHT(G$3,4)&"-"&LEFT(G$3,2),Data!$F:$F,"Value of Transactions",Data!$H:$H,"Trading and Services",Data!$I:$I,"") -> 44000000 | H38: =SUMIFS(Data!$L:$L,Data!$B:$B,"efawateercom",Data!$K:$K,"native",Data!$J:$J,RIGHT(H$3,4)&"-"&LEFT(H$3,2),Data!$F:$F,"Value of Transactions",Data!$H:$H,"Trading and Services",Data!$I:$I,"") -> 41000000 | I38: =SUMIFS(Data!$L:$L,Data!$B:$B,"efawateercom",Data!$K:$K,"native",Data!$J:$J,RIGHT(I$3,4)&"-"&LEFT(I$3,2),Data!$F:$F,"Value of Transactions",Data!$H:$H,"Trading and Services",Data!$I:$I,"") -> 36000000 | J38: =SUMIFS(Data!$L:$L,Data!$B:$B,"efawateercom",Data!$K:$K,"native",Data!$J:$J,RIGHT(J$3,4)&"-"&LEFT(J$3,2),Data!$F:$F,"Value of Transactions",Data!$H:$H,"Trading and Services",Data!$I:$I,"") -> 39400000
A39: Biller Type (JOD) | B39: Banks | C39: =SUMIFS(Data!$L:$L,Data!$B:$B,"efawateercom",Data!$K:$K,"native",Data!$J:$J,RIGHT(C$3,4)&"-"&LEFT(C$3,2),Data!$F:$F,"Value of Transactions",Data!$H:$H,"Banks",Data!$I:$I,"") -> 38600000 | D39: =SUMIFS(Data!$L:$L,Data!$B:$B,"efawateercom",Data!$K:$K,"native",Data!$J:$J,RIGHT(D$3,4)&"-"&LEFT(D$3,2),Data!$F:$F,"Value of Transactions",Data!$H:$H,"Banks",Data!$I:$I,"") -> 37700000 | E39: =SUMIFS(Data!$L:$L,Data!$B:$B,"efawateercom",Data!$K:$K,"native",Data!$J:$J,RIGHT(E$3,4)&"-"&LEFT(E$3,2),Data!$F:$F,"Value of Transactions",Data!$H:$H,"Banks",Data!$I:$I,"") -> 36000000 | F39: =SUMIFS(Data!$L:$L,Data!$B:$B,"efawateercom",Data!$K:$K,"native",Data!$J:$J,RIGHT(F$3,4)&"-"&LEFT(F$3,2),Data!$F:$F,"Value of Transactions",Data!$H:$H,"Banks",Data!$I:$I,"") -> 43700000 | G39: =SUMIFS(Data!$L:$L,Data!$B:$B,"efawateercom",Data!$K:$K,"native",Data!$J:$J,RIGHT(G$3,4)&"-"&LEFT(G$3,2),Data!$F:$F,"Value of Transactions",Data!$H:$H,"Banks",Data!$I:$I,"") -> 46000000 | H39: =SUMIFS(Data!$L:$L,Data!$B:$B,"efawateercom",Data!$K:$K,"native",Data!$J:$J,RIGHT(H$3,4)&"-"&LEFT(H$3,2),Data!$F:$F,"Value of Transactions",Data!$H:$H,"Banks",Data!$I:$I,"") -> 53100000 | I39: =SUMIFS(Data!$L:$L,Data!$B:$B,"efawateercom",Data!$K:$K,"native",Data!$J:$J,RIGHT(I$3,4)&"-"&LEFT(I$3,2),Data!$F:$F,"Value of Transactions",Data!$H:$H,"Banks",Data!$I:$I,"") -> 52200000 | J39: =SUMIFS(Data!$L:$L,Data!$B:$B,"efawateercom",Data!$K:$K,"native",Data!$J:$J,RIGHT(J$3,4)&"-"&LEFT(J$3,2),Data!$F:$F,"Value of Transactions",Data!$H:$H,"Banks",Data!$I:$I,"") -> 51300000
A40: Biller Type (JOD) | B40: Gas and Energy | C40: =SUMIFS(Data!$L:$L,Data!$B:$B,"efawateercom",Data!$K:$K,"native",Data!$J:$J,RIGHT(C$3,4)&"-"&LEFT(C$3,2),Data!$F:$F,"Value of Transactions",Data!$H:$H,"Gas And Energy",Data!$I:$I,"") -> 39200000 | D40: =SUMIFS(Data!$L:$L,Data!$B:$B,"efawateercom",Data!$K:$K,"native",Data!$J:$J,RIGHT(D$3,4)&"-"&LEFT(D$3,2),Data!$F:$F,"Value of Transactions",Data!$H:$H,"Gas And Energy",Data!$I:$I,"") -> 45500000 | E40: =SUMIFS(Data!$L:$L,Data!$B:$B,"efawateercom",Data!$K:$K,"native",Data!$J:$J,RIGHT(E$3,4)&"-"&LEFT(E$3,2),Data!$F:$F,"Value of Transactions",Data!$H:$H,"Gas And Energy",Data!$I:$I,"") -> 47600000 | F40: =SUMIFS(Data!$L:$L,Data!$B:$B,"efawateercom",Data!$K:$K,"native",Data!$J:$J,RIGHT(F$3,4)&"-"&LEFT(F$3,2),Data!$F:$F,"Value of Transactions",Data!$H:$H,"Gas And Energy",Data!$I:$I,"") -> 42100000 | G40: =SUMIFS(Data!$L:$L,Data!$B:$B,"efawateercom",Data!$K:$K,"native",Data!$J:$J,RIGHT(G$3,4)&"-"&LEFT(G$3,2),Data!$F:$F,"Value of Transactions",Data!$H:$H,"Gas And Energy",Data!$I:$I,"") -> 40400000 | H40: =SUMIFS(Data!$L:$L,Data!$B:$B,"efawateercom",Data!$K:$K,"native",Data!$J:$J,RIGHT(H$3,4)&"-"&LEFT(H$3,2),Data!$F:$F,"Value of Transactions",Data!$H:$H,"Gas And Energy",Data!$I:$I,"") -> 45100000 | I40: =SUMIFS(Data!$L:$L,Data!$B:$B,"efawateercom",Data!$K:$K,"native",Data!$J:$J,RIGHT(I$3,4)&"-"&LEFT(I$3,2),Data!$F:$F,"Value of Transactions",Data!$H:$H,"Gas And Energy",Data!$I:$I,"") -> 49200000 | J40: =SUMIFS(Data!$L:$L,Data!$B:$B,"efawateercom",Data!$K:$K,"native",Data!$J:$J,RIGHT(J$3,4)&"-"&LEFT(J$3,2),Data!$F:$F,"Value of Transactions",Data!$H:$H,"Gas And Energy",Data!$I:$I,"") -> 38300000
A42: Note: Per-biller VALUE (JOD) figures are pulled from the Data sheet. 'Banks' appears on the source Value chart only (not the Number chart), and 'Associations and Organizations' appears on the Number chart only. The source PDFs showed inconsistent 'Government Service' values across some quarterly reports (a likely charting artifact in JOPACC's originals), so treat that row with caution.

Sheet ACH
A1: ACH (Automated Clearing House) - Quarterly Data (Q3 2024 - Q2 2026)
A3: Category | B3: Metric | C3: Q3 2024 | D3: Q4 2024 | E3: Q1 2025 | F3: Q2 2025 | G3: Q3 2025 | H3: Q4 2025 | I3: Q1 2026 | J3: Q2 2026
A4: JOD TRANSACTIONS - OVERVIEW
A5: Transactions | B5: Total Number of JOD Transactions | C5: =SUMIFS(Data!$L:$L,Data!$B:$B,"ach",Data!$K:$K,"native",Data!$J:$J,RIGHT(C$3,4)&"-"&LEFT(C$3,2),Data!$F:$F,"Number of JOD Transactions",Data!$H:$H,"",Data!$I:$I,"") -> 2800000 | D5: =SUMIFS(Data!$L:$L,Data!$B:$B,"ach",Data!$K:$K,"native",Data!$J:$J,RIGHT(D$3,4)&"-"&LEFT(D$3,2),Data!$F:$F,"Number of JOD Transactions",Data!$H:$H,"",Data!$I:$I,"") -> 2970000 | E5: =SUMIFS(Data!$L:$L,Data!$B:$B,"ach",Data!$K:$K,"native",Data!$J:$J,RIGHT(E$3,4)&"-"&LEFT(E$3,2),Data!$F:$F,"Number of JOD Transactions",Data!$H:$H,"",Data!$I:$I,"") -> 2980000 | F5: =SUMIFS(Data!$L:$L,Data!$B:$B,"ach",Data!$K:$K,"native",Data!$J:$J,RIGHT(F$3,4)&"-"&LEFT(F$3,2),Data!$F:$F,"Number of JOD Transactions",Data!$H:$H,"",Data!$I:$I,"") -> 2870000 | G5: =SUMIFS(Data!$L:$L,Data!$B:$B,"ach",Data!$K:$K,"native",Data!$J:$J,RIGHT(G$3,4)&"-"&LEFT(G$3,2),Data!$F:$F,"Number of JOD Transactions",Data!$H:$H,"",Data!$I:$I,"") -> 3060000 | H5: =SUMIFS(Data!$L:$L,Data!$B:$B,"ach",Data!$K:$K,"native",Data!$J:$J,RIGHT(H$3,4)&"-"&LEFT(H$3,2),Data!$F:$F,"Number of JOD Transactions",Data!$H:$H,"",Data!$I:$I,"") -> 3260000 | I5: =SUMIFS(Data!$L:$L,Data!$B:$B,"ach",Data!$K:$K,"native",Data!$J:$J,RIGHT(I$3,4)&"-"&LEFT(I$3,2),Data!$F:$F,"Number of JOD Transactions",Data!$H:$H,"",Data!$I:$I,"") -> 3240000 | J5: =SUMIFS(Data!$L:$L,Data!$B:$B,"ach",Data!$K:$K,"native",Data!$J:$J,RIGHT(J$3,4)&"-"&LEFT(J$3,2),Data!$F:$F,"Number of JOD Transactions",Data!$H:$H,"",Data!$I:$I,"") -> 3290000
